,n,dim,norm,n_signature,n_test,M,method,significance_level,true_dist,alter_dist,threshold,accpect_h0,pvals
0,500,7,sup,100,100,100,approximate,0.05,N01xN01xN01xN01xN01,N01xN01xN01xN01xN01,205.32899999999998,"[True, True, True, True, True, True, True, True, True, True, True, True, True, False, True, True, True, True, True, True, True, True, True, True, True, True, True, True, True, True, True, True, True, True, True, True, True, True, True, True, False, True, True, True, True, True, True, True, True, True, True, True, True, True, True, True, True, True, True, True, True, True, True, True, True, True, True, True, True, True, True, True, True, True, True, True, True, True, True, True, True, False, True, True, True, True, True, True, True, True, True, True, False, True, True, True, True, True, True, True]","[0.98, 0.92, 0.52, 0.27, 0.65, 0.68, 0.73, 0.18, 0.72, 0.4, 0.69, 0.72, 0.24, 0.05, 0.77, 0.1, 0.8, 0.58, 0.13, 0.82, 0.69, 0.26, 0.17, 0.6, 0.48, 0.52, 0.72, 0.57, 0.4, 0.86, 0.9, 0.86, 0.22, 0.81, 0.72, 0.81, 0.57, 0.83, 0.63, 0.7, 0.05, 0.23, 0.09, 0.91, 0.34, 0.71, 0.17, 0.36, 0.7, 0.64, 0.98, 0.69, 0.92, 0.56, 0.65, 0.99, 0.21, 0.98, 0.72, 0.61, 0.98, 0.42, 0.72, 0.25, 0.13, 0.17, 0.57, 0.89, 0.98, 0.98, 0.68, 0.56, 0.46, 0.76, 0.89, 0.19, 0.52, 0.56, 0.98, 0.09, 0.26, 0.0, 0.72, 0.94, 0.54, 0.13, 0.4, 0.37, 0.57, 0.41, 0.72, 0.5, 0.01, 0.15, 0.22, 0.21, 0.99, 0.17, 0.37, 0.41]"
1,500,7,sup,100,100,100,approximate,0.05,N01xN01xN01xN01xN01,MultiGauss0.1,205.32899999999998,"[True, True, True, True, True, False, True, False, True, True, True, True, False, True, True, True, True, True, True, True, True, True, True, True, True, True, True, True, True, False, True, True, True, True, True, True, True, True, False, True, True, True, True, True, True, True, True, True, True, True, True, True, True, True, True, True, True, True, True, False, True, True, True, True, True, True, True, True, True, True, True, True, True, True, True, True, True, True, True, True, True, True, True, True, True, True, True, True, True, True, True, True, True, True, True, True, True, True, True, True]","[0.92, 0.17, 0.27, 0.43, 0.76, 0.01, 0.37, 0.01, 0.23, 0.72, 0.65, 0.43, 0.01, 0.23, 0.91, 1.0, 0.63, 0.98, 0.5, 0.65, 0.92, 0.11, 0.99, 0.82, 0.66, 0.17, 0.93, 0.3, 0.96, 0.05, 0.82, 0.98, 0.43, 0.66, 0.56, 0.86, 0.98, 0.91, 0.0, 0.97, 0.3, 0.47, 0.56, 0.6, 0.13, 0.94, 0.89, 0.37, 0.8, 0.56, 0.89, 0.13, 0.97, 0.77, 0.97, 0.36, 0.99, 0.77, 0.42, 0.01, 0.41, 0.19, 0.12, 0.43, 0.26, 0.41, 0.3, 0.37, 0.1, 0.69, 0.98, 0.65, 0.68, 0.23, 0.77, 0.72, 0.23, 0.9, 0.17, 0.9, 0.85, 0.42, 0.91, 0.69, 0.28, 0.34, 0.68, 0.86, 0.64, 0.79, 0.61, 0.17, 0.86, 0.3, 0.33, 0.28, 0.43, 0.65, 0.95, 0.73]"
2,500,7,sup,100,100,100,approximate,0.05,N01xN01xN01xN01xN01,MultiGauss0.5,205.32899999999998,"[False, False, False, False, False, False, False, False, False, False, False, False, False, False, False, False, False, False, False, False, False, False, False, False, False, False, False, False, False, False, False, False, False, False, False, False, False, False, False, False, False, False, False, False, False, False, False, False, False, False, False, False, False, False, False, False, False, False, False, False, False, False, False, False, False, False, False, False, False, False, False, False, False, False, False, False, False, False, False, False, False, False, False, False, False, False, False, False, False, False, False, False, False, False, False, False, False, False, False, False]","[0.0, 0.0, 0.0, 0.0, 0.0, 0.0, 0.0, 0.0, 0.0, 0.0, 0.0, 0.0, 0.0, 0.0, 0.0, 0.0, 0.0, 0.0, 0.0, 0.0, 0.0, 0.0, 0.0, 0.0, 0.0, 0.0, 0.0, 0.0, 0.0, 0.0, 0.0, 0.0, 0.0, 0.0, 0.0, 0.0, 0.0, 0.0, 0.0, 0.0, 0.0, 0.0, 0.0, 0.0, 0.0, 0.0, 0.0, 0.0, 0.0, 0.0, 0.0, 0.0, 0.0, 0.0, 0.0, 0.0, 0.0, 0.0, 0.0, 0.0, 0.0, 0.0, 0.0, 0.0, 0.0, 0.0, 0.0, 0.0, 0.0, 0.0, 0.0, 0.0, 0.0, 0.0, 0.0, 0.0, 0.0, 0.0, 0.0, 0.0, 0.0, 0.0, 0.0, 0.0, 0.0, 0.0, 0.0, 0.0, 0.0, 0.0, 0.0, 0.0, 0.0, 0.0, 0.0, 0.0, 0.0, 0.0, 0.0, 0.0]"
3,500,7,sup,100,100,100,approximate,0.05,N01xN01xN01xN01xN01,T3xT3xT3xT3xT3xT3xT3,205.32899999999998,"[False, False, False, False, False, False, False, False, False, False, False, False, False, False, False, False, False, False, False, False, False, False, False, False, False, False, False, False, False, False, False, False, False, False, False, False, False, False, False, False, False, False, False, False, False, False, False, False, False, False, False, False, False, False, False, False, False, False, False, False, False, False, False, False, False, False, False, False, False, False, False, False, False, False, False, False, False, False, False, False, False, False, False, False, False, False, False, False, False, False, False, False, False, False, False, False, False, False, False, False]","[0.0, 0.0, 0.0, 0.0, 0.0, 0.0, 0.0, 0.0, 0.0, 0.0, 0.0, 0.0, 0.0, 0.0, 0.0, 0.0, 0.0, 0.0, 0.0, 0.0, 0.0, 0.0, 0.0, 0.0, 0.0, 0.0, 0.0, 0.0, 0.0, 0.0, 0.0, 0.0, 0.0, 0.0, 0.0, 0.0, 0.0, 0.0, 0.0, 0.0, 0.0, 0.0, 0.0, 0.0, 0.0, 0.0, 0.0, 0.0, 0.0, 0.0, 0.0, 0.0, 0.0, 0.0, 0.0, 0.0, 0.0, 0.0, 0.0, 0.0, 0.0, 0.0, 0.0, 0.0, 0.0, 0.0, 0.0, 0.0, 0.0, 0.0, 0.0, 0.0, 0.0, 0.0, 0.0, 0.0, 0.0, 0.0, 0.0, 0.0, 0.0, 0.0, 0.0, 0.0, 0.0, 0.0, 0.0, 0.0, 0.0, 0.0, 0.0, 0.0, 0.0, 0.0, 0.0, 0.0, 0.0, 0.0, 0.0, 0.0]"
4,500,7,sup,100,100,100,approximate,0.05,N01xN01xN01xN01xN01,T5xT5xT5xT5xT5xT5xT5,205.32899999999998,"[False, False, False, False, False, False, False, False, False, False, False, False, False, False, False, False, False, False, False, False, False, False, False, False, False, False, False, False, False, False, False, False, False, False, False, False, False, False, False, False, False, False, False, False, False, False, False, False, False, False, False, False, False, False, False, False, False, False, False, False, False, False, False, False, False, False, False, False, False, False, False, False, False, False, False, False, False, False, False, False, False, False, False, False, False, False, False, False, False, False, False, False, False, False, False, False, False, False, False, False]","[0.0, 0.0, 0.0, 0.0, 0.0, 0.0, 0.0, 0.0, 0.0, 0.0, 0.0, 0.0, 0.0, 0.0, 0.0, 0.0, 0.0, 0.0, 0.0, 0.0, 0.0, 0.0, 0.0, 0.0, 0.0, 0.0, 0.0, 0.0, 0.0, 0.0, 0.0, 0.0, 0.0, 0.0, 0.0, 0.0, 0.0, 0.0, 0.0, 0.0, 0.01, 0.0, 0.0, 0.0, 0.0, 0.0, 0.0, 0.0, 0.0, 0.0, 0.0, 0.0, 0.0, 0.0, 0.0, 0.0, 0.0, 0.0, 0.0, 0.0, 0.0, 0.0, 0.0, 0.0, 0.0, 0.0, 0.0, 0.0, 0.0, 0.0, 0.0, 0.0, 0.0, 0.0, 0.0, 0.0, 0.0, 0.0, 0.0, 0.0, 0.0, 0.0, 0.0, 0.0, 0.0, 0.0, 0.0, 0.0, 0.0, 0.0, 0.0, 0.0, 0.0, 0.0, 0.0, 0.0, 0.01, 0.0, 0.0, 0.0]"
5,500,7,sup,100,100,100,approximate,0.05,N01xN01xN01xN01xN01,N01xN01xN01xT5xT5xT5xT5,205.32899999999998,"[True, True, False, False, False, True, True, False, True, True, True, False, False, False, True, False, True, True, True, False, True, False, False, False, True, False, True, False, True, False, False, True, False, False, False, False, True, False, True, True, True, True, True, False, False, False, False, True, False, True, False, False, True, True, False, True, False, False, False, False, False, True, True, False, True, False, False, False, False, False, False, False, False, False, True, False, True, True, False, False, True, True, False, True, True, True, True, False, True, False, True, False, True, False, True, False, False, False, False, False]","[0.09, 0.07, 0.01, 0.02, 0.01, 0.13, 0.13, 0.01, 0.21, 0.18, 0.09, 0.01, 0.01, 0.02, 0.07, 0.01, 0.13, 0.13, 0.09, 0.0, 0.07, 0.01, 0.02, 0.05, 0.08, 0.01, 0.12, 0.01, 0.17, 0.02, 0.01, 0.17, 0.01, 0.01, 0.04, 0.01, 0.17, 0.01, 0.11, 0.4, 0.13, 0.2, 0.08, 0.02, 0.01, 0.01, 0.01, 0.43, 0.01, 0.1, 0.02, 0.01, 0.1, 0.1, 0.01, 0.1, 0.01, 0.01, 0.01, 0.05, 0.01, 0.1, 0.18, 0.01, 0.07, 0.01, 0.02, 0.01, 0.01, 0.01, 0.02, 0.05, 0.02, 0.02, 0.12, 0.04, 0.11, 0.09, 0.01, 0.0, 0.12, 0.17, 0.01, 0.09, 0.43, 0.09, 0.19, 0.01, 0.26, 0.05, 0.27, 0.02, 0.1, 0.01, 0.23, 0.0, 0.05, 0.01, 0.0, 0.0]"
6,500,7,sup,100,100,100,approximate,0.05,N01xN01xN01xN01xN01,N01xN01xN01xN01xLapxLapxLap,205.32899999999998,"[False, False, True, False, False, False, False, False, False, False, False, False, False, False, False, False, False, False, False, False, False, False, False, False, False, False, True, True, False, False, False, True, True, False, False, False, True, False, False, False, False, False, True, False, False, False, True, False, False, False, False, False, False, False, False, True, False, False, False, False, False, False, False, False, False, False, False, False, True, False, False, False, False, False, False, False, True, False, False, False, False, False, False, True, False, False, False, False, False, True, True, True, True, False, True, False, False, False, False, False]","[0.0, 0.05, 0.09, 0.01, 0.01, 0.01, 0.01, 0.01, 0.0, 0.0, 0.01, 0.01, 0.01, 0.01, 0.01, 0.0, 0.01, 0.0, 0.0, 0.02, 0.01, 0.01, 0.01, 0.01, 0.01, 0.0, 0.22, 0.42, 0.02, 0.01, 0.02, 0.26, 0.17, 0.01, 0.01, 0.01, 0.13, 0.01, 0.0, 0.01, 0.0, 0.01, 0.18, 0.01, 0.01, 0.0, 0.12, 0.01, 0.0, 0.01, 0.0, 0.02, 0.0, 0.01, 0.01, 0.26, 0.0, 0.01, 0.01, 0.0, 0.01, 0.0, 0.01, 0.0, 0.0, 0.0, 0.01, 0.01, 0.09, 0.01, 0.02, 0.0, 0.02, 0.01, 0.01, 0.02, 0.09, 0.01, 0.02, 0.02, 0.05, 0.0, 0.01, 0.21, 0.01, 0.01, 0.01, 0.01, 0.02, 0.11, 0.1, 0.07, 0.17, 0.01, 0.13, 0.01, 0.02, 0.01, 0.01, 0.01]"
7,500,7,sup,100,100,100,approximate,0.05,MultiGauss0.1,N01xN01xN01xN01xN01,191.1055,"[True, True, True, True, True, True, True, True, True, True, True, True, True, True, True, True, True, True, True, False, True, True, True, True, True, True, True, True, True, True, True, True, True, True, True, True, True, True, True, True, True, True, True, True, True, True, True, True, True, True, False, True, False, True, True, True, True, True, False, True, True, False, True, False, True, True, True, True, True, False, True, True, True, True, True, True, True, True, True, True, True, False, True, True, True, True, True, True, True, False, True, True, True, True, True, True, False, True, True, False]","[0.72, 0.6, 0.43, 0.48, 0.93, 0.91, 0.87, 0.07, 0.69, 0.15, 0.6, 0.46, 0.84, 0.74, 0.08, 0.28, 0.09, 0.2, 0.1, 0.0, 0.92, 0.39, 0.46, 0.33, 0.36, 0.46, 0.09, 0.6, 0.84, 0.57, 0.72, 0.71, 0.15, 0.84, 0.46, 0.49, 0.76, 0.49, 0.1, 0.9, 0.15, 0.24, 0.37, 0.42, 0.15, 0.65, 0.46, 0.12, 0.74, 0.56, 0.0, 0.39, 0.01, 0.22, 0.33, 0.59, 0.72, 0.74, 0.04, 0.85, 0.1, 0.04, 0.1, 0.05, 0.8, 0.18, 0.49, 0.98, 0.09, 0.02, 0.08, 0.49, 0.29, 0.63, 0.87, 0.07, 0.39, 0.33, 0.71, 0.82, 0.84, 0.04, 0.8, 0.49, 0.47, 0.57, 0.46, 0.66, 0.5, 0.04, 0.69, 0.65, 0.62, 0.79, 0.93, 0.64, 0.04, 0.59, 0.49, 0.02]"
8,500,7,sup,100,100,100,approximate,0.05,MultiGauss0.1,MultiGauss0.1,191.1055,"[True, True, True, True, True, True, True, True, True, True, True, True, True, True, False, True, True, True, True, True, True, True, True, False, False, True, True, True, True, False, True, True, True, True, True, True, True, True, True, True, True, True, True, True, False, True, False, True, True, True, True, True, True, False, True, True, True, True, True, True, True, True, False, True, True, True, True, False, True, True, False, True, True, True, True, True, False, True, True, True, True, False, True, True, True, True, True, True, True, True, True, True, True, True, True, True, True, True, True, True]","[0.17, 0.14, 0.65, 0.07, 0.15, 0.25, 0.5, 0.35, 0.45, 0.9, 0.84, 0.21, 0.39, 0.66, 0.04, 0.44, 0.91, 0.61, 0.66, 0.39, 0.17, 0.09, 0.79, 0.04, 0.02, 0.33, 0.68, 0.39, 0.35, 0.02, 0.65, 0.47, 0.39, 0.69, 0.49, 0.97, 0.1, 0.33, 0.1, 0.56, 0.63, 0.85, 0.66, 0.84, 0.01, 0.49, 0.01, 0.91, 0.74, 0.08, 0.1, 0.69, 0.09, 0.02, 0.39, 0.68, 0.49, 0.62, 0.35, 0.53, 0.06, 0.45, 0.04, 0.82, 0.74, 0.15, 0.82, 0.01, 0.74, 0.91, 0.01, 0.45, 0.66, 0.15, 0.22, 0.49, 0.04, 0.49, 0.84, 0.78, 0.83, 0.0, 0.72, 0.85, 0.26, 0.38, 0.68, 0.15, 0.49, 0.42, 0.49, 0.63, 1.0, 0.9, 0.1, 0.36, 0.42, 0.68, 0.82, 0.6]"
9,500,7,sup,100,100,100,approximate,0.05,MultiGauss0.1,MultiGauss0.5,191.1055,"[False, False, False, False, False, False, False, False, False, False, False, False, False, False, False, False, False, False, False, False, False, False, False, False, False, False, False, False, False, False, False, False, False, False, False, False, False, False, False, False, False, False, False, False, False, False, False, False, False, False, False, False, False, False, False, False, False, False, False, False, False, False, False, False, False, False, False, False, False, False, False, False, False, False, False, False, False, False, False, False, False, False, False, False, False, False, False, False, False, False, False, False, False, False, False, False, False, False, False, False]","[0.0, 0.0, 0.0, 0.0, 0.0, 0.0, 0.0, 0.0, 0.0, 0.0, 0.0, 0.0, 0.0, 0.0, 0.0, 0.0, 0.0, 0.0, 0.0, 0.0, 0.0, 0.0, 0.0, 0.0, 0.0, 0.0, 0.0, 0.0, 0.0, 0.0, 0.0, 0.0, 0.0, 0.0, 0.0, 0.0, 0.0, 0.0, 0.0, 0.0, 0.0, 0.0, 0.0, 0.0, 0.0, 0.0, 0.0, 0.0, 0.0, 0.0, 0.0, 0.0, 0.0, 0.0, 0.0, 0.0, 0.0, 0.0, 0.0, 0.0, 0.0, 0.0, 0.0, 0.0, 0.0, 0.0, 0.0, 0.0, 0.0, 0.0, 0.0, 0.0, 0.0, 0.0, 0.0, 0.0, 0.0, 0.0, 0.0, 0.0, 0.0, 0.0, 0.0, 0.0, 0.0, 0.0, 0.0, 0.0, 0.0, 0.0, 0.0, 0.0, 0.0, 0.0, 0.0, 0.0, 0.0, 0.0, 0.0, 0.0]"
10,500,7,sup,100,100,100,approximate,0.05,MultiGauss0.1,T3xT3xT3xT3xT3xT3xT3,191.1055,"[False, False, False, False, False, False, False, False, False, False, False, False, False, False, False, False, False, False, False, False, False, False, False, False, False, False, False, False, False, False, False, False, False, False, False, False, False, False, False, False, False, False, False, False, False, False, False, False, False, False, False, False, False, False, False, False, False, False, False, False, False, False, False, False, False, False, False, False, False, False, False, False, False, False, False, False, False, False, False, False, False, False, False, False, False, False, False, False, False, False, False, False, False, False, False, False, False, False, False, False]","[0.0, 0.0, 0.0, 0.0, 0.0, 0.0, 0.0, 0.0, 0.0, 0.0, 0.0, 0.0, 0.0, 0.0, 0.0, 0.0, 0.0, 0.0, 0.0, 0.0, 0.0, 0.0, 0.0, 0.0, 0.0, 0.0, 0.0, 0.0, 0.0, 0.0, 0.0, 0.0, 0.0, 0.0, 0.0, 0.0, 0.0, 0.0, 0.0, 0.0, 0.0, 0.0, 0.0, 0.0, 0.0, 0.0, 0.0, 0.0, 0.0, 0.0, 0.0, 0.0, 0.0, 0.0, 0.0, 0.0, 0.0, 0.0, 0.0, 0.0, 0.0, 0.0, 0.0, 0.0, 0.0, 0.0, 0.0, 0.0, 0.0, 0.0, 0.0, 0.0, 0.0, 0.0, 0.0, 0.0, 0.0, 0.0, 0.0, 0.0, 0.0, 0.0, 0.0, 0.0, 0.0, 0.0, 0.0, 0.0, 0.0, 0.0, 0.0, 0.0, 0.0, 0.0, 0.0, 0.0, 0.0, 0.0, 0.0, 0.0]"
11,500,7,sup,100,100,100,approximate,0.05,MultiGauss0.1,T5xT5xT5xT5xT5xT5xT5,191.1055,"[False, False, False, False, False, False, False, False, False, False, False, False, False, False, False, False, False, False, False, False, False, False, False, False, False, False, False, False, False, False, False, False, False, False, False, False, False, False, False, False, False, False, False, False, False, False, False, False, False, False, False, False, False, False, False, False, False, False, False, False, False, False, False, False, False, False, False, False, False, False, False, False, False, False, False, False, False, False, False, False, False, False, False, False, False, False, False, False, False, False, False, False, False, False, False, False, False, False, False, False]","[0.0, 0.0, 0.0, 0.0, 0.0, 0.0, 0.0, 0.0, 0.0, 0.0, 0.0, 0.0, 0.0, 0.0, 0.0, 0.0, 0.0, 0.0, 0.0, 0.0, 0.0, 0.0, 0.0, 0.0, 0.0, 0.0, 0.0, 0.0, 0.0, 0.0, 0.0, 0.0, 0.0, 0.0, 0.0, 0.0, 0.0, 0.0, 0.0, 0.0, 0.0, 0.0, 0.0, 0.0, 0.0, 0.0, 0.0, 0.0, 0.0, 0.0, 0.0, 0.0, 0.0, 0.0, 0.0, 0.0, 0.0, 0.0, 0.0, 0.0, 0.0, 0.0, 0.0, 0.0, 0.0, 0.0, 0.0, 0.0, 0.0, 0.0, 0.0, 0.0, 0.0, 0.0, 0.0, 0.0, 0.0, 0.0, 0.0, 0.0, 0.0, 0.0, 0.0, 0.0, 0.0, 0.0, 0.0, 0.0, 0.0, 0.0, 0.0, 0.0, 0.0, 0.0, 0.0, 0.0, 0.0, 0.0, 0.0, 0.0]"
12,500,7,sup,100,100,100,approximate,0.05,MultiGauss0.1,N01xN01xN01xT5xT5xT5xT5,191.1055,"[False, True, False, False, False, False, False, False, False, False, False, False, False, True, False, False, False, False, False, False, False, False, False, False, False, False, False, True, False, False, False, False, False, False, False, False, True, False, False, False, False, False, False, False, False, False, True, False, False, False, False, False, False, True, True, False, False, False, False, False, False, False, False, False, False, False, False, False, False, False, False, False, False, False, False, True, False, False, True, False, False, False, False, False, False, False, False, False, False, False, False, False, False, False, False, False, False, False, False, False]","[0.0, 0.08, 0.01, 0.03, 0.0, 0.0, 0.02, 0.0, 0.01, 0.0, 0.0, 0.01, 0.01, 0.07, 0.0, 0.02, 0.0, 0.04, 0.0, 0.0, 0.0, 0.04, 0.0, 0.02, 0.02, 0.02, 0.0, 0.1, 0.0, 0.01, 0.02, 0.04, 0.0, 0.02, 0.0, 0.02, 0.07, 0.0, 0.0, 0.01, 0.04, 0.02, 0.02, 0.0, 0.02, 0.02, 0.21, 0.04, 0.0, 0.02, 0.0, 0.0, 0.0, 0.34, 0.08, 0.0, 0.0, 0.0, 0.04, 0.0, 0.0, 0.0, 0.0, 0.0, 0.01, 0.02, 0.0, 0.02, 0.0, 0.0, 0.01, 0.0, 0.01, 0.0, 0.0, 0.14, 0.0, 0.0, 0.08, 0.0, 0.02, 0.0, 0.02, 0.0, 0.02, 0.0, 0.0, 0.0, 0.0, 0.01, 0.03, 0.02, 0.0, 0.02, 0.0, 0.0, 0.0, 0.0, 0.0, 0.0]"
13,500,7,sup,100,100,100,approximate,0.05,MultiGauss0.1,N01xN01xN01xN01xLapxLapxLap,191.1055,"[False, False, False, False, False, False, False, False, False, False, False, False, False, False, False, False, False, False, False, False, False, False, False, False, False, False, False, False, False, False, False, True, False, False, False, False, False, False, False, False, False, False, False, False, False, False, True, False, False, False, False, False, False, False, False, False, False, False, False, False, False, False, False, False, False, False, False, False, False, True, False, False, False, False, False, False, False, False, False, False, False, False, False, False, False, False, False, False, False, True, False, False, False, False, False, False, False, False, False, False]","[0.01, 0.0, 0.0, 0.0, 0.02, 0.0, 0.01, 0.0, 0.0, 0.0, 0.0, 0.0, 0.0, 0.0, 0.0, 0.0, 0.0, 0.0, 0.02, 0.03, 0.0, 0.01, 0.0, 0.0, 0.0, 0.0, 0.01, 0.02, 0.0, 0.0, 0.04, 0.08, 0.0, 0.0, 0.0, 0.02, 0.0, 0.02, 0.01, 0.0, 0.0, 0.0, 0.01, 0.0, 0.0, 0.01, 0.08, 0.02, 0.0, 0.0, 0.01, 0.0, 0.0, 0.0, 0.0, 0.0, 0.0, 0.0, 0.0, 0.0, 0.02, 0.0, 0.0, 0.0, 0.0, 0.0, 0.0, 0.0, 0.0, 0.07, 0.02, 0.0, 0.02, 0.0, 0.0, 0.01, 0.0, 0.0, 0.0, 0.0, 0.0, 0.0, 0.01, 0.0, 0.0, 0.0, 0.0, 0.0, 0.04, 0.07, 0.0, 0.02, 0.0, 0.01, 0.04, 0.0, 0.02, 0.0, 0.0, 0.0]"
14,500,7,sup,100,100,100,approximate,0.05,MultiGauss0.5,N01xN01xN01xN01xN01,179.82999999999998,"[False, False, False, False, False, False, False, False, False, False, False, False, False, False, False, False, False, False, False, False, False, False, False, False, False, False, False, False, False, False, False, False, False, False, False, False, False, False, False, False, False, False, False, False, False, False, False, False, False, False, False, False, False, False, False, False, False, False, False, False, False, False, False, False, False, False, False, False, False, False, False, False, False, False, False, False, False, False, False, False, False, False, False, False, False, False, False, False, False, False, False, False, False, False, False, False, False, False, False, False]","[0.0, 0.0, 0.0, 0.0, 0.0, 0.0, 0.0, 0.0, 0.0, 0.0, 0.0, 0.0, 0.0, 0.0, 0.0, 0.0, 0.0, 0.0, 0.0, 0.0, 0.0, 0.0, 0.0, 0.0, 0.0, 0.0, 0.0, 0.0, 0.0, 0.0, 0.0, 0.0, 0.0, 0.0, 0.0, 0.0, 0.0, 0.0, 0.0, 0.0, 0.0, 0.0, 0.0, 0.0, 0.0, 0.0, 0.0, 0.0, 0.0, 0.0, 0.0, 0.0, 0.0, 0.0, 0.0, 0.0, 0.0, 0.0, 0.0, 0.0, 0.0, 0.0, 0.0, 0.0, 0.0, 0.0, 0.0, 0.0, 0.0, 0.0, 0.0, 0.0, 0.0, 0.0, 0.0, 0.0, 0.0, 0.0, 0.0, 0.0, 0.0, 0.0, 0.0, 0.0, 0.0, 0.0, 0.0, 0.0, 0.0, 0.0, 0.0, 0.0, 0.0, 0.0, 0.0, 0.0, 0.0, 0.0, 0.0, 0.0]"
15,500,7,sup,100,100,100,approximate,0.05,MultiGauss0.5,MultiGauss0.1,179.82999999999998,"[False, False, False, False, False, False, False, False, False, False, False, False, False, False, False, False, False, False, False, False, False, False, False, False, False, False, False, False, False, False, False, False, False, False, False, False, False, False, False, False, False, False, False, False, False, False, False, False, False, False, False, False, False, False, False, False, False, False, False, False, False, False, False, False, False, False, False, False, False, False, False, False, False, False, False, False, False, False, False, False, False, False, False, False, False, False, False, False, False, False, False, False, False, False, False, False, False, False, False, False]","[0.0, 0.0, 0.0, 0.0, 0.0, 0.0, 0.0, 0.0, 0.0, 0.0, 0.0, 0.0, 0.0, 0.0, 0.0, 0.0, 0.0, 0.0, 0.0, 0.0, 0.0, 0.0, 0.0, 0.0, 0.0, 0.0, 0.0, 0.0, 0.0, 0.0, 0.0, 0.0, 0.0, 0.0, 0.0, 0.0, 0.0, 0.0, 0.0, 0.0, 0.0, 0.0, 0.0, 0.0, 0.0, 0.0, 0.0, 0.0, 0.0, 0.0, 0.0, 0.0, 0.0, 0.0, 0.0, 0.0, 0.0, 0.0, 0.0, 0.0, 0.0, 0.0, 0.0, 0.0, 0.0, 0.0, 0.0, 0.0, 0.0, 0.0, 0.0, 0.0, 0.0, 0.0, 0.0, 0.0, 0.0, 0.0, 0.0, 0.0, 0.0, 0.0, 0.0, 0.0, 0.0, 0.0, 0.0, 0.0, 0.0, 0.0, 0.0, 0.0, 0.0, 0.0, 0.0, 0.0, 0.0, 0.0, 0.0, 0.0]"
16,500,7,sup,100,100,100,approximate,0.05,MultiGauss0.5,MultiGauss0.5,179.82999999999998,"[True, True, True, True, True, True, True, True, True, True, True, True, True, True, True, True, True, True, True, True, True, True, True, True, True, True, True, True, True, True, True, True, True, False, True, True, True, True, True, True, True, True, True, False, True, True, True, True, True, True, True, True, True, True, True, True, True, True, True, True, True, True, True, True, True, True, True, True, True, True, True, True, True, True, True, True, True, False, True, True, True, True, True, True, True, True, False, True, True, True, True, True, True, True, True, True, True, True, True, True]","[0.67, 0.47, 0.87, 0.46, 0.05, 0.53, 0.32, 0.09, 0.32, 0.74, 0.79, 0.35, 0.37, 0.55, 0.23, 0.06, 0.13, 0.77, 0.36, 0.5, 0.69, 0.47, 0.22, 0.76, 0.67, 0.67, 0.19, 0.63, 0.22, 0.84, 0.21, 0.27, 0.27, 0.0, 0.32, 0.32, 0.22, 0.74, 0.21, 0.54, 0.27, 0.88, 0.19, 0.03, 0.51, 0.27, 0.26, 0.53, 0.67, 0.39, 0.81, 0.27, 0.5, 0.27, 0.11, 0.67, 0.19, 0.81, 0.44, 0.43, 0.19, 0.38, 0.54, 0.21, 0.63, 0.48, 0.85, 0.65, 0.94, 0.57, 0.12, 0.28, 0.67, 0.39, 0.67, 0.91, 0.74, 0.01, 0.85, 0.67, 0.91, 0.27, 0.49, 0.52, 0.27, 0.63, 0.03, 0.6, 0.57, 0.74, 0.99, 0.56, 0.65, 0.75, 0.47, 0.54, 0.97, 0.27, 0.48, 0.19]"
17,500,7,sup,100,100,100,approximate,0.05,MultiGauss0.5,T3xT3xT3xT3xT3xT3xT3,179.82999999999998,"[False, False, False, False, False, False, False, False, False, False, False, False, False, False, False, False, False, False, False, False, False, False, False, False, False, False, False, False, False, False, False, False, False, False, False, False, False, False, False, False, False, False, False, False, False, False, False, False, False, False, False, False, False, False, False, False, False, False, False, False, False, False, False, False, False, False, False, False, False, False, False, False, False, False, False, False, False, False, False, False, False, False, False, False, False, False, False, False, False, False, False, False, False, False, False, False, False, False, False, False]","[0.0, 0.0, 0.0, 0.0, 0.0, 0.0, 0.0, 0.0, 0.0, 0.0, 0.0, 0.0, 0.0, 0.0, 0.0, 0.0, 0.0, 0.0, 0.0, 0.0, 0.0, 0.0, 0.0, 0.0, 0.0, 0.0, 0.0, 0.0, 0.0, 0.0, 0.0, 0.0, 0.0, 0.0, 0.0, 0.0, 0.0, 0.0, 0.0, 0.0, 0.0, 0.0, 0.0, 0.0, 0.0, 0.0, 0.0, 0.0, 0.0, 0.0, 0.0, 0.0, 0.0, 0.0, 0.0, 0.0, 0.0, 0.0, 0.0, 0.0, 0.0, 0.0, 0.0, 0.0, 0.0, 0.0, 0.0, 0.0, 0.0, 0.0, 0.0, 0.0, 0.0, 0.0, 0.0, 0.0, 0.0, 0.0, 0.0, 0.0, 0.0, 0.0, 0.0, 0.0, 0.0, 0.0, 0.0, 0.0, 0.0, 0.0, 0.0, 0.0, 0.0, 0.0, 0.0, 0.0, 0.0, 0.0, 0.0, 0.0]"
18,500,7,sup,100,100,100,approximate,0.05,MultiGauss0.5,T5xT5xT5xT5xT5xT5xT5,179.82999999999998,"[False, False, False, False, False, False, False, False, False, False, False, False, False, False, False, False, False, False, False, False, False, False, False, False, False, False, False, False, False, False, False, False, False, False, False, False, False, False, False, False, False, False, False, False, False, False, False, False, False, False, False, False, False, False, False, False, False, False, False, False, False, False, False, False, False, False, False, False, False, False, False, False, False, False, False, False, False, False, False, False, False, False, False, False, False, False, False, False, False, False, False, False, False, False, False, False, False, False, False, False]","[0.0, 0.0, 0.0, 0.0, 0.0, 0.0, 0.0, 0.0, 0.0, 0.0, 0.0, 0.0, 0.0, 0.0, 0.0, 0.0, 0.0, 0.0, 0.0, 0.0, 0.0, 0.0, 0.0, 0.0, 0.0, 0.0, 0.0, 0.0, 0.0, 0.0, 0.0, 0.0, 0.0, 0.0, 0.0, 0.0, 0.0, 0.0, 0.0, 0.0, 0.0, 0.0, 0.0, 0.0, 0.0, 0.0, 0.0, 0.0, 0.0, 0.0, 0.0, 0.0, 0.0, 0.0, 0.0, 0.0, 0.0, 0.0, 0.0, 0.0, 0.0, 0.0, 0.0, 0.0, 0.0, 0.0, 0.0, 0.0, 0.0, 0.0, 0.0, 0.0, 0.0, 0.0, 0.0, 0.0, 0.0, 0.0, 0.0, 0.0, 0.0, 0.0, 0.0, 0.0, 0.0, 0.0, 0.0, 0.0, 0.0, 0.0, 0.0, 0.0, 0.0, 0.0, 0.0, 0.0, 0.0, 0.0, 0.0, 0.0]"
19,500,7,sup,100,100,100,approximate,0.05,MultiGauss0.5,N01xN01xN01xT5xT5xT5xT5,179.82999999999998,"[False, False, False, False, False, False, False, False, False, False, False, False, False, False, False, False, False, False, False, False, False, False, False, False, False, False, False, False, False, False, False, False, False, False, False, False, False, False, False, False, False, False, False, False, False, False, False, False, False, False, False, False, False, False, False, False, False, False, False, False, False, False, False, False, False, False, False, False, False, False, False, False, False, False, False, False, False, False, False, False, False, False, False, False, False, False, False, False, False, False, False, False, False, False, False, False, False, False, False, False]","[0.0, 0.0, 0.0, 0.0, 0.0, 0.0, 0.0, 0.0, 0.0, 0.0, 0.0, 0.0, 0.0, 0.0, 0.0, 0.0, 0.0, 0.0, 0.0, 0.0, 0.0, 0.0, 0.0, 0.0, 0.0, 0.0, 0.0, 0.0, 0.0, 0.0, 0.0, 0.0, 0.0, 0.0, 0.0, 0.0, 0.0, 0.0, 0.0, 0.0, 0.0, 0.0, 0.0, 0.0, 0.0, 0.0, 0.0, 0.0, 0.0, 0.0, 0.0, 0.0, 0.0, 0.0, 0.0, 0.0, 0.0, 0.0, 0.0, 0.0, 0.0, 0.0, 0.0, 0.0, 0.0, 0.0, 0.0, 0.0, 0.0, 0.0, 0.0, 0.0, 0.0, 0.0, 0.0, 0.0, 0.0, 0.0, 0.0, 0.0, 0.0, 0.0, 0.0, 0.0, 0.0, 0.0, 0.0, 0.0, 0.0, 0.0, 0.0, 0.0, 0.0, 0.0, 0.0, 0.0, 0.0, 0.0, 0.0, 0.0]"
20,500,7,sup,100,100,100,approximate,0.05,MultiGauss0.5,N01xN01xN01xN01xLapxLapxLap,179.82999999999998,"[False, False, False, False, False, False, False, False, False, False, False, False, False, False, False, False, False, False, False, False, False, False, False, False, False, False, False, False, False, False, False, False, False, False, False, False, False, False, False, False, False, False, False, False, False, False, False, False, False, False, False, False, False, False, False, False, False, False, False, False, False, False, False, False, False, False, False, False, False, False, False, False, False, False, False, False, False, False, False, False, False, False, False, False, False, False, False, False, False, False, False, False, False, False, False, False, False, False, False, False]","[0.0, 0.0, 0.0, 0.0, 0.0, 0.0, 0.0, 0.0, 0.0, 0.0, 0.0, 0.0, 0.0, 0.0, 0.0, 0.0, 0.0, 0.0, 0.0, 0.0, 0.0, 0.0, 0.0, 0.0, 0.0, 0.0, 0.0, 0.0, 0.0, 0.0, 0.0, 0.0, 0.0, 0.0, 0.0, 0.0, 0.0, 0.0, 0.0, 0.0, 0.0, 0.0, 0.0, 0.0, 0.0, 0.0, 0.0, 0.0, 0.0, 0.0, 0.0, 0.0, 0.0, 0.0, 0.0, 0.0, 0.0, 0.0, 0.0, 0.0, 0.0, 0.0, 0.0, 0.0, 0.0, 0.0, 0.0, 0.0, 0.0, 0.0, 0.0, 0.0, 0.0, 0.0, 0.0, 0.0, 0.0, 0.0, 0.0, 0.0, 0.0, 0.0, 0.0, 0.0, 0.0, 0.0, 0.0, 0.0, 0.0, 0.0, 0.0, 0.0, 0.0, 0.0, 0.0, 0.0, 0.0, 0.0, 0.0, 0.0]"
21,500,7,sup,100,100,100,approximate,0.05,T3xT3xT3xT3xT3xT3xT3,N01xN01xN01xN01xN01,147.05599999999998,"[False, False, False, False, False, False, False, False, False, False, False, False, False, False, False, False, False, False, False, False, False, False, False, False, False, False, False, False, False, False, False, False, False, False, False, False, False, False, False, False, False, False, False, False, False, False, False, False, False, False, False, False, False, False, False, False, False, False, False, False, False, False, False, False, False, False, False, False, False, False, False, False, False, False, False, False, False, False, False, False, False, False, False, False, False, False, False, False, False, False, False, False, False, False, False, False, False, False, False, False]","[0.0, 0.0, 0.0, 0.0, 0.0, 0.0, 0.0, 0.0, 0.0, 0.0, 0.0, 0.0, 0.0, 0.0, 0.0, 0.0, 0.0, 0.0, 0.0, 0.0, 0.0, 0.0, 0.0, 0.0, 0.0, 0.0, 0.0, 0.0, 0.0, 0.0, 0.0, 0.0, 0.0, 0.0, 0.0, 0.0, 0.0, 0.0, 0.0, 0.0, 0.0, 0.0, 0.0, 0.0, 0.0, 0.0, 0.0, 0.0, 0.0, 0.0, 0.0, 0.0, 0.0, 0.0, 0.0, 0.0, 0.0, 0.0, 0.0, 0.0, 0.0, 0.0, 0.0, 0.0, 0.0, 0.0, 0.0, 0.0, 0.0, 0.0, 0.0, 0.0, 0.0, 0.0, 0.0, 0.0, 0.0, 0.0, 0.0, 0.0, 0.0, 0.0, 0.0, 0.0, 0.0, 0.0, 0.0, 0.0, 0.0, 0.0, 0.0, 0.0, 0.0, 0.0, 0.0, 0.0, 0.0, 0.0, 0.0, 0.0]"
22,500,7,sup,100,100,100,approximate,0.05,T3xT3xT3xT3xT3xT3xT3,MultiGauss0.1,147.05599999999998,"[False, False, False, False, False, False, False, False, False, False, False, False, False, False, False, False, False, False, False, False, False, False, False, False, False, False, False, False, False, False, False, False, False, False, False, False, False, False, False, False, False, False, False, False, False, False, False, False, False, False, False, False, False, False, False, False, False, False, False, False, False, False, False, False, False, False, False, False, False, False, False, False, False, False, False, False, False, False, False, False, False, False, False, False, False, False, False, False, False, False, False, False, False, False, False, False, False, False, False, False]","[0.0, 0.0, 0.0, 0.0, 0.0, 0.0, 0.0, 0.0, 0.0, 0.0, 0.0, 0.0, 0.0, 0.0, 0.0, 0.0, 0.0, 0.0, 0.0, 0.0, 0.0, 0.0, 0.0, 0.0, 0.0, 0.0, 0.0, 0.0, 0.0, 0.0, 0.0, 0.0, 0.0, 0.0, 0.0, 0.0, 0.0, 0.0, 0.0, 0.0, 0.0, 0.0, 0.0, 0.0, 0.0, 0.0, 0.0, 0.0, 0.0, 0.0, 0.0, 0.0, 0.0, 0.0, 0.0, 0.0, 0.0, 0.0, 0.0, 0.0, 0.0, 0.0, 0.0, 0.0, 0.0, 0.0, 0.0, 0.0, 0.0, 0.0, 0.0, 0.0, 0.0, 0.0, 0.0, 0.0, 0.0, 0.0, 0.0, 0.0, 0.0, 0.0, 0.0, 0.0, 0.0, 0.0, 0.0, 0.0, 0.0, 0.0, 0.0, 0.0, 0.0, 0.0, 0.0, 0.0, 0.0, 0.0, 0.0, 0.0]"
23,500,7,sup,100,100,100,approximate,0.05,T3xT3xT3xT3xT3xT3xT3,MultiGauss0.5,147.05599999999998,"[False, False, False, False, False, False, False, False, False, False, False, False, False, False, False, False, False, False, False, False, False, False, False, False, False, False, False, False, False, False, False, False, False, False, False, False, False, False, False, False, False, False, False, False, False, False, False, False, False, False, False, False, False, False, False, False, False, False, False, False, False, False, False, False, False, False, False, False, False, False, False, False, False, False, False, False, False, False, False, False, False, False, False, False, False, False, False, False, False, False, False, False, False, False, False, False, False, False, False, False]","[0.0, 0.0, 0.0, 0.0, 0.0, 0.0, 0.0, 0.0, 0.0, 0.0, 0.0, 0.0, 0.0, 0.0, 0.0, 0.0, 0.0, 0.0, 0.0, 0.0, 0.0, 0.0, 0.0, 0.0, 0.0, 0.0, 0.0, 0.0, 0.0, 0.0, 0.0, 0.0, 0.0, 0.0, 0.0, 0.0, 0.0, 0.0, 0.0, 0.0, 0.0, 0.0, 0.0, 0.0, 0.0, 0.0, 0.0, 0.0, 0.0, 0.0, 0.0, 0.0, 0.0, 0.0, 0.0, 0.0, 0.0, 0.0, 0.0, 0.0, 0.0, 0.0, 0.0, 0.0, 0.0, 0.0, 0.0, 0.0, 0.0, 0.0, 0.0, 0.0, 0.0, 0.0, 0.0, 0.0, 0.0, 0.0, 0.0, 0.0, 0.0, 0.0, 0.0, 0.0, 0.0, 0.0, 0.0, 0.0, 0.0, 0.0, 0.0, 0.0, 0.0, 0.0, 0.0, 0.0, 0.0, 0.0, 0.0, 0.0]"
24,500,7,sup,100,100,100,approximate,0.05,T3xT3xT3xT3xT3xT3xT3,T3xT3xT3xT3xT3xT3xT3,147.05599999999998,"[True, True, True, True, True, True, True, True, True, True, True, True, True, True, True, True, True, True, True, True, True, True, True, True, True, True, True, True, False, True, True, True, True, True, True, True, True, True, False, True, True, False, True, True, True, True, True, True, True, True, True, False, True, True, True, True, True, True, True, True, True, True, True, True, True, True, True, True, True, True, True, True, False, True, False, True, True, True, True, True, False, True, True, True, True, True, True, True, True, False, False, False, True, True, True, True, True, True, True, True]","[0.76, 0.81, 0.98, 0.26, 0.37, 0.34, 0.77, 0.87, 0.87, 0.54, 0.29, 0.34, 0.17, 0.22, 0.27, 0.86, 0.76, 0.78, 0.76, 0.77, 0.76, 0.87, 0.4, 0.78, 0.6, 0.7, 0.64, 0.34, 0.05, 0.22, 0.66, 0.48, 0.79, 0.76, 0.79, 0.08, 0.08, 0.7, 0.03, 0.33, 0.44, 0.05, 0.29, 0.77, 0.61, 0.83, 0.76, 0.77, 0.94, 0.86, 0.7, 0.01, 0.72, 0.19, 0.58, 0.85, 0.54, 0.84, 0.81, 0.47, 0.32, 0.61, 0.87, 0.33, 0.47, 0.89, 0.96, 1.0, 0.26, 0.08, 0.34, 1.0, 0.01, 0.84, 0.01, 0.7, 0.58, 0.85, 0.85, 0.33, 0.05, 0.08, 0.87, 0.34, 0.66, 0.53, 0.87, 0.66, 0.74, 0.05, 0.05, 0.01, 0.34, 0.34, 0.78, 0.72, 0.87, 0.34, 0.3, 0.77]"
25,500,7,sup,100,100,100,approximate,0.05,T3xT3xT3xT3xT3xT3xT3,T5xT5xT5xT5xT5xT5xT5,147.05599999999998,"[False, False, False, False, False, False, False, False, False, False, False, False, False, False, False, False, False, False, False, False, False, False, False, False, False, True, False, False, False, False, False, False, False, False, False, False, False, False, False, False, False, False, False, False, False, False, False, False, False, False, False, False, False, False, False, False, False, False, False, False, False, False, False, False, False, False, False, False, False, False, False, False, False, False, False, False, False, False, False, False, False, False, False, False, False, False, False, False, False, False, False, False, False, False, False, False, False, False, False, False]","[0.0, 0.01, 0.01, 0.0, 0.0, 0.0, 0.0, 0.0, 0.0, 0.0, 0.0, 0.0, 0.0, 0.0, 0.0, 0.0, 0.0, 0.0, 0.0, 0.0, 0.0, 0.01, 0.0, 0.0, 0.0, 0.05, 0.0, 0.0, 0.0, 0.0, 0.0, 0.0, 0.0, 0.0, 0.0, 0.04, 0.0, 0.0, 0.0, 0.0, 0.0, 0.0, 0.03, 0.0, 0.0, 0.0, 0.0, 0.0, 0.0, 0.0, 0.0, 0.0, 0.0, 0.0, 0.0, 0.0, 0.0, 0.0, 0.0, 0.0, 0.0, 0.0, 0.0, 0.0, 0.0, 0.0, 0.01, 0.0, 0.0, 0.0, 0.0, 0.0, 0.01, 0.0, 0.0, 0.03, 0.0, 0.0, 0.0, 0.0, 0.0, 0.0, 0.0, 0.0, 0.0, 0.0, 0.0, 0.01, 0.0, 0.0, 0.0, 0.0, 0.0, 0.0, 0.0, 0.0, 0.0, 0.0, 0.0, 0.01]"
26,500,7,sup,100,100,100,approximate,0.05,T3xT3xT3xT3xT3xT3xT3,N01xN01xN01xT5xT5xT5xT5,147.05599999999998,"[False, False, False, False, False, False, False, False, False, False, False, False, False, False, False, False, False, False, False, False, False, False, False, False, False, False, False, False, False, False, False, False, False, False, False, False, False, False, False, False, False, False, False, False, False, False, False, False, False, False, False, False, False, False, False, False, False, False, False, False, False, False, False, False, False, False, False, False, False, False, False, False, False, False, False, False, False, False, False, False, False, False, False, False, False, False, False, False, False, False, False, False, False, False, False, False, False, False, False, False]","[0.0, 0.0, 0.0, 0.0, 0.0, 0.0, 0.0, 0.0, 0.0, 0.0, 0.0, 0.0, 0.0, 0.0, 0.0, 0.0, 0.0, 0.0, 0.0, 0.0, 0.0, 0.0, 0.0, 0.0, 0.0, 0.0, 0.0, 0.0, 0.0, 0.0, 0.0, 0.0, 0.0, 0.0, 0.0, 0.0, 0.0, 0.0, 0.0, 0.0, 0.0, 0.0, 0.0, 0.0, 0.0, 0.0, 0.0, 0.0, 0.0, 0.0, 0.0, 0.0, 0.0, 0.0, 0.0, 0.0, 0.0, 0.0, 0.0, 0.0, 0.0, 0.0, 0.0, 0.0, 0.0, 0.0, 0.0, 0.0, 0.0, 0.0, 0.0, 0.0, 0.0, 0.0, 0.0, 0.0, 0.0, 0.0, 0.0, 0.0, 0.0, 0.0, 0.0, 0.0, 0.0, 0.0, 0.0, 0.0, 0.0, 0.0, 0.0, 0.0, 0.0, 0.0, 0.0, 0.0, 0.0, 0.0, 0.0, 0.0]"
27,500,7,sup,100,100,100,approximate,0.05,T3xT3xT3xT3xT3xT3xT3,N01xN01xN01xN01xLapxLapxLap,147.05599999999998,"[False, False, False, False, False, False, False, False, False, False, False, False, False, False, False, False, False, False, False, False, False, False, False, False, False, False, False, False, False, False, False, False, False, False, False, False, False, False, False, False, False, False, False, False, False, False, False, False, False, False, False, False, False, False, False, False, False, False, False, False, False, False, False, False, False, False, False, False, False, False, False, False, False, False, False, False, False, False, False, False, False, False, False, False, False, False, False, False, False, False, False, False, False, False, False, False, False, False, False, False]","[0.0, 0.0, 0.0, 0.0, 0.0, 0.0, 0.0, 0.0, 0.0, 0.0, 0.0, 0.0, 0.0, 0.0, 0.0, 0.0, 0.0, 0.0, 0.0, 0.0, 0.0, 0.0, 0.0, 0.0, 0.0, 0.0, 0.0, 0.0, 0.0, 0.0, 0.0, 0.0, 0.0, 0.0, 0.0, 0.0, 0.0, 0.0, 0.0, 0.0, 0.0, 0.0, 0.0, 0.0, 0.0, 0.0, 0.0, 0.0, 0.0, 0.0, 0.0, 0.0, 0.0, 0.0, 0.0, 0.0, 0.0, 0.0, 0.0, 0.0, 0.0, 0.0, 0.0, 0.0, 0.0, 0.0, 0.0, 0.0, 0.0, 0.0, 0.0, 0.0, 0.0, 0.0, 0.0, 0.0, 0.0, 0.0, 0.0, 0.0, 0.0, 0.0, 0.0, 0.0, 0.0, 0.0, 0.0, 0.0, 0.0, 0.0, 0.0, 0.0, 0.0, 0.0, 0.0, 0.0, 0.0, 0.0, 0.0, 0.0]"
28,500,7,sup,100,100,100,approximate,0.05,T5xT5xT5xT5xT5xT5xT5,N01xN01xN01xN01xN01,176.83399999999997,"[False, False, False, False, False, False, False, False, False, False, False, False, False, False, False, False, False, False, False, False, False, False, False, False, False, False, False, False, False, False, False, False, False, False, False, False, False, False, False, False, False, False, False, False, False, False, False, False, False, False, False, False, False, False, False, False, False, False, False, False, False, False, False, False, False, False, False, False, False, False, False, False, False, False, False, False, False, False, False, False, False, False, False, False, False, False, False, False, False, False, False, False, False, False, False, False, False, False, False, False]","[0.0, 0.0, 0.0, 0.0, 0.0, 0.0, 0.0, 0.0, 0.0, 0.0, 0.0, 0.0, 0.0, 0.0, 0.0, 0.0, 0.0, 0.0, 0.0, 0.0, 0.0, 0.0, 0.0, 0.0, 0.0, 0.0, 0.0, 0.0, 0.0, 0.0, 0.0, 0.0, 0.0, 0.0, 0.0, 0.0, 0.0, 0.0, 0.0, 0.0, 0.0, 0.0, 0.0, 0.0, 0.0, 0.0, 0.0, 0.0, 0.0, 0.0, 0.0, 0.0, 0.0, 0.0, 0.0, 0.0, 0.0, 0.0, 0.0, 0.0, 0.0, 0.0, 0.0, 0.0, 0.0, 0.0, 0.0, 0.0, 0.0, 0.0, 0.0, 0.0, 0.0, 0.0, 0.0, 0.0, 0.0, 0.0, 0.0, 0.0, 0.0, 0.0, 0.0, 0.0, 0.0, 0.0, 0.0, 0.0, 0.0, 0.0, 0.0, 0.0, 0.0, 0.0, 0.0, 0.0, 0.0, 0.0, 0.0, 0.0]"
29,500,7,sup,100,100,100,approximate,0.05,T5xT5xT5xT5xT5xT5xT5,MultiGauss0.1,176.83399999999997,"[False, False, False, False, False, False, False, False, False, False, False, False, False, False, False, False, False, False, False, False, False, False, False, False, False, False, False, False, False, False, False, False, False, False, False, False, False, False, False, False, False, False, False, False, False, False, False, False, False, False, False, False, False, False, False, False, False, False, False, False, False, False, False, False, False, False, False, False, False, False, False, False, False, False, False, False, False, False, False, False, False, False, False, False, False, False, False, False, False, False, False, False, False, False, False, False, False, False, False, False]","[0.0, 0.0, 0.0, 0.0, 0.0, 0.0, 0.0, 0.0, 0.0, 0.0, 0.0, 0.0, 0.0, 0.0, 0.0, 0.0, 0.0, 0.0, 0.0, 0.0, 0.0, 0.0, 0.0, 0.0, 0.0, 0.0, 0.0, 0.0, 0.0, 0.0, 0.0, 0.0, 0.0, 0.0, 0.0, 0.0, 0.0, 0.0, 0.0, 0.0, 0.0, 0.0, 0.0, 0.0, 0.0, 0.0, 0.0, 0.0, 0.0, 0.0, 0.0, 0.0, 0.0, 0.0, 0.0, 0.0, 0.0, 0.0, 0.0, 0.0, 0.0, 0.0, 0.0, 0.0, 0.0, 0.0, 0.0, 0.0, 0.0, 0.0, 0.0, 0.0, 0.0, 0.0, 0.0, 0.0, 0.0, 0.0, 0.0, 0.0, 0.0, 0.0, 0.0, 0.0, 0.0, 0.0, 0.0, 0.0, 0.0, 0.0, 0.0, 0.0, 0.0, 0.0, 0.0, 0.0, 0.0, 0.0, 0.0, 0.0]"
30,500,7,sup,100,100,100,approximate,0.05,T5xT5xT5xT5xT5xT5xT5,MultiGauss0.5,176.83399999999997,"[False, False, False, False, False, False, False, False, False, False, False, False, False, False, False, False, False, False, False, False, False, False, False, False, False, False, False, False, False, False, False, False, False, False, False, False, False, False, False, False, False, False, False, False, False, False, False, False, False, False, False, False, False, False, False, False, False, False, False, False, False, False, False, False, False, False, False, False, False, False, False, False, False, False, False, False, False, False, False, False, False, False, False, False, False, False, False, False, False, False, False, False, False, False, False, False, False, False, False, False]","[0.0, 0.0, 0.0, 0.0, 0.0, 0.0, 0.0, 0.0, 0.0, 0.0, 0.0, 0.0, 0.0, 0.0, 0.0, 0.0, 0.0, 0.0, 0.0, 0.0, 0.0, 0.0, 0.0, 0.0, 0.0, 0.0, 0.0, 0.0, 0.0, 0.0, 0.0, 0.0, 0.0, 0.0, 0.0, 0.0, 0.0, 0.0, 0.0, 0.0, 0.0, 0.0, 0.0, 0.0, 0.0, 0.0, 0.0, 0.0, 0.0, 0.0, 0.0, 0.0, 0.0, 0.0, 0.0, 0.0, 0.0, 0.0, 0.0, 0.0, 0.0, 0.0, 0.0, 0.0, 0.0, 0.0, 0.0, 0.0, 0.0, 0.0, 0.0, 0.0, 0.0, 0.0, 0.0, 0.0, 0.0, 0.0, 0.0, 0.0, 0.0, 0.0, 0.0, 0.0, 0.0, 0.0, 0.0, 0.0, 0.0, 0.0, 0.0, 0.0, 0.0, 0.0, 0.0, 0.0, 0.0, 0.0, 0.0, 0.0]"
31,500,7,sup,100,100,100,approximate,0.05,T5xT5xT5xT5xT5xT5xT5,T3xT3xT3xT3xT3xT3xT3,176.83399999999997,"[False, True, False, False, False, False, False, False, False, False, False, False, False, False, False, False, False, False, False, True, False, False, True, True, False, False, False, False, False, False, True, True, False, False, False, False, False, True, False, True, False, False, False, True, False, False, False, False, False, False, False, True, True, True, False, False, False, False, True, False, True, False, True, False, False, False, True, False, False, False, False, False, False, True, False, False, True, False, False, False, False, True, True, False, True, False, False, False, False, False, True, True, False, False, False, True, False, False, False, False]","[0.01, 0.07, 0.0, 0.01, 0.02, 0.02, 0.01, 0.0, 0.0, 0.01, 0.01, 0.04, 0.01, 0.01, 0.02, 0.0, 0.02, 0.01, 0.05, 0.14, 0.0, 0.01, 0.07, 0.06, 0.01, 0.0, 0.01, 0.01, 0.01, 0.01, 0.07, 0.07, 0.02, 0.0, 0.0, 0.05, 0.01, 0.07, 0.0, 0.07, 0.01, 0.05, 0.0, 0.07, 0.0, 0.01, 0.01, 0.01, 0.01, 0.02, 0.0, 0.36, 0.08, 0.07, 0.02, 0.0, 0.0, 0.01, 0.09, 0.02, 0.06, 0.01, 0.08, 0.01, 0.01, 0.02, 0.06, 0.01, 0.02, 0.01, 0.01, 0.02, 0.0, 0.07, 0.01, 0.01, 0.07, 0.01, 0.0, 0.01, 0.02, 0.07, 0.06, 0.01, 0.2, 0.01, 0.02, 0.01, 0.02, 0.0, 0.07, 0.07, 0.0, 0.0, 0.02, 0.14, 0.01, 0.02, 0.01, 0.01]"
0,500,7,sup,100,100,100,approximate,0.05,T5xT5xT5xT5xT5xT5xT5,T5xT5xT5xT5xT5xT5xT5,175.2865,"[True, True, True, True, True, True, True, True, True, True, True, True, True, True, True, True, True, True, True, True, True, True, True, True, True, True, True, True, True, True, True, True, True, True, True, True, True, True, True, True, True, True, True, True, True, True, True, True, True, True, True, True, True, True, True, True, True, True, True, True, True, True, True, True, False, True, True, True, True, True, True, True, True, True, True, True, True, True, True, False, True, True, True, True, True, True, True, True, True, True, True, True, True, True, True, True, True, True, True, True]","[0.31, 0.95, 0.14, 0.21, 0.47, 0.1, 0.95, 0.69, 0.31, 0.59, 0.16, 0.39, 0.49, 0.71, 0.58, 0.39, 0.15, 0.62, 0.72, 0.62, 0.67, 0.25, 0.07, 0.85, 0.18, 0.69, 1.0, 0.85, 0.62, 0.12, 0.85, 0.12, 0.6, 0.88, 0.53, 0.51, 0.55, 0.95, 0.38, 0.98, 0.41, 0.7, 0.4, 0.55, 0.66, 0.77, 0.59, 0.63, 0.45, 0.7, 0.4, 0.98, 0.56, 0.91, 0.44, 0.6, 0.61, 0.1, 0.4, 0.08, 0.2, 0.53, 0.81, 0.63, 0.02, 0.33, 0.38, 0.21, 0.84, 0.85, 0.76, 0.2, 0.57, 0.7, 0.28, 0.4, 0.83, 0.91, 0.38, 0.01, 0.77, 0.31, 0.1, 0.2, 0.83, 0.32, 0.37, 0.95, 0.45, 0.2, 0.59, 0.17, 0.2, 0.53, 0.24, 0.33, 0.66, 0.25, 0.15, 0.59]"
1,500,7,sup,100,100,100,approximate,0.05,T5xT5xT5xT5xT5xT5xT5,N01xN01xN01xT5xT5xT5xT5,175.2865,"[True, True, True, True, False, True, False, True, False, True, False, True, True, False, False, False, False, True, False, False, True, True, True, False, False, True, False, True, True, True, True, True, False, True, True, True, True, True, True, True, False, True, True, True, True, False, True, True, True, False, True, True, True, True, True, True, False, True, True, False, True, True, True, True, False, True, False, True, True, False, True, True, False, False, True, False, False, False, False, True, False, True, True, True, True, True, True, True, True, False, True, True, False, True, False, True, False, True, True, False]","[0.06, 0.07, 0.06, 0.33, 0.01, 0.49, 0.02, 0.13, 0.02, 0.44, 0.02, 0.08, 0.1, 0.02, 0.0, 0.05, 0.0, 0.49, 0.0, 0.02, 0.45, 0.21, 0.29, 0.02, 0.05, 0.1, 0.05, 0.07, 0.1, 0.1, 0.46, 0.17, 0.05, 0.08, 0.15, 0.47, 0.21, 0.1, 0.16, 0.08, 0.02, 0.08, 0.07, 0.08, 0.28, 0.05, 0.4, 0.2, 0.12, 0.0, 0.4, 0.33, 0.08, 0.08, 0.31, 0.1, 0.02, 0.27, 0.1, 0.0, 0.65, 0.08, 0.08, 0.37, 0.0, 0.21, 0.01, 0.31, 0.1, 0.02, 0.42, 0.38, 0.01, 0.02, 0.29, 0.02, 0.02, 0.02, 0.02, 0.06, 0.05, 0.28, 0.33, 0.14, 0.06, 0.13, 0.49, 0.21, 0.1, 0.05, 0.2, 0.1, 0.02, 0.13, 0.0, 0.2, 0.02, 0.1, 0.1, 0.0]"
2,500,7,sup,100,100,100,approximate,0.05,T5xT5xT5xT5xT5xT5xT5,N01xN01xN01xN01xLapxLapxLap,175.2865,"[True, True, True, True, True, True, True, True, True, True, True, True, True, False, True, False, True, False, True, True, True, False, True, True, True, True, False, True, True, True, True, False, False, True, True, True, True, True, True, False, True, True, True, True, False, True, True, True, True, True, True, True, False, True, True, True, True, True, True, True, True, True, True, True, True, True, True, True, True, True, True, True, False, True, True, False, True, True, True, True, False, False, True, True, True, False, True, True, True, True, True, True, True, False, True, True, True, True, True, True]","[0.42, 0.4, 0.69, 0.28, 0.64, 0.59, 0.1, 0.33, 0.47, 0.35, 0.41, 0.1, 0.7, 0.02, 0.66, 0.05, 0.11, 0.02, 0.46, 0.15, 0.33, 0.02, 0.13, 0.48, 0.47, 0.31, 0.01, 0.13, 0.19, 0.17, 0.1, 0.0, 0.02, 0.2, 0.56, 0.17, 0.33, 0.53, 0.07, 0.02, 0.47, 0.13, 0.1, 0.06, 0.05, 0.25, 0.77, 0.33, 0.12, 0.66, 0.71, 0.44, 0.05, 0.12, 0.77, 0.47, 0.14, 0.77, 0.21, 0.17, 0.1, 0.08, 0.21, 0.36, 0.32, 0.2, 0.24, 0.12, 0.21, 0.29, 0.08, 0.14, 0.02, 0.21, 0.25, 0.02, 0.13, 0.33, 0.57, 0.46, 0.02, 0.05, 0.27, 0.59, 0.08, 0.02, 0.1, 0.49, 0.32, 0.48, 0.16, 0.7, 0.2, 0.02, 0.05, 0.06, 0.31, 0.06, 0.38, 0.1]"
