,n,dim,norm,n_signature,n_test,M,method,significance_level,true_dist,alter_dist,threshold,accpect_h0,pvals
0,1000,7,sup,100,100,100,approximate,0.05,N01xN01xN01xN01xN01,N01xN01xN01xN01xN01,340.8774999999999,"[True, True, True, True, True, True, True, True, True, True, True, True, True, True, True, True, True, True, True, True, True, True, True, True, True, True, True, True, True, False, True, True, False, True, True, True, True, True, True, True, True, True, True, True, False, True, False, True, True, True, True, True, True, True, True, True, True, True, True, True, True, True, True, True, True, True, False, True, True, True, True, True, True, True, True, True, True, True, True, True, True, True, True, True, True, True, True, True, True, True, True, True, True, True, False, True, True, True, True, True]","[0.24, 0.66, 0.66, 0.48, 0.97, 0.2, 0.85, 0.72, 0.2, 0.23, 0.48, 0.92, 0.22, 0.22, 0.53, 0.85, 0.66, 0.46, 0.3, 0.86, 0.91, 0.44, 0.43, 0.88, 0.46, 0.16, 0.38, 0.2, 0.39, 0.04, 0.68, 0.8, 0.05, 0.82, 0.39, 0.25, 0.84, 0.95, 0.82, 0.85, 0.85, 0.48, 0.43, 0.37, 0.01, 0.6, 0.01, 0.2, 0.86, 0.39, 0.4, 0.71, 0.84, 0.25, 0.1, 0.4, 0.4, 0.58, 0.79, 0.44, 0.34, 0.45, 0.35, 0.99, 0.22, 0.49, 0.05, 0.59, 0.42, 0.92, 0.58, 0.58, 0.78, 0.44, 0.44, 0.44, 0.27, 0.71, 0.4, 0.63, 0.34, 0.22, 0.95, 0.32, 0.6, 0.81, 0.44, 0.2, 0.32, 0.1, 0.27, 0.39, 0.79, 0.23, 0.01, 0.63, 0.41, 0.4, 0.92, 0.23]"
1,1000,7,sup,100,100,100,approximate,0.05,N01xN01xN01xN01xN01,MultiGauss0.1,340.8774999999999,"[True, True, True, True, True, True, True, True, True, True, True, True, True, False, True, True, True, True, False, True, True, True, True, True, True, False, True, True, True, False, True, True, False, True, True, True, True, True, True, True, True, True, True, True, True, True, True, True, True, True, True, True, True, True, True, True, True, True, True, True, True, True, False, True, True, True, True, True, True, True, True, True, True, True, True, True, True, True, False, True, True, True, True, True, True, True, True, True, False, True, True, True, True, True, True, False, True, True, True, False]","[0.79, 0.25, 0.41, 0.86, 0.4, 0.86, 0.16, 0.96, 0.63, 0.78, 0.77, 0.08, 0.52, 0.05, 0.49, 0.57, 0.63, 0.79, 0.05, 0.63, 0.46, 0.21, 0.92, 0.66, 0.85, 0.04, 0.67, 0.44, 0.78, 0.05, 0.44, 0.97, 0.02, 0.4, 0.21, 0.63, 0.25, 0.42, 0.16, 0.78, 0.39, 0.6, 0.34, 0.87, 0.85, 0.84, 0.43, 0.53, 1.0, 0.39, 0.79, 0.49, 0.44, 0.4, 0.66, 0.18, 0.71, 0.85, 0.63, 0.44, 0.66, 0.84, 0.05, 0.38, 0.64, 0.34, 0.2, 0.77, 0.63, 0.99, 0.4, 0.1, 0.39, 0.24, 0.29, 0.57, 0.77, 0.4, 0.05, 0.79, 0.24, 0.23, 0.37, 0.34, 0.99, 0.67, 0.24, 0.18, 0.05, 0.85, 0.44, 0.93, 0.58, 0.2, 0.81, 0.05, 0.85, 0.34, 0.33, 0.0]"
2,1000,7,sup,100,100,100,approximate,0.05,N01xN01xN01xN01xN01,MultiGauss0.5,340.8774999999999,"[False, False, False, False, False, False, False, False, False, False, False, False, False, False, False, False, False, False, False, False, False, False, False, False, False, False, False, False, False, False, False, False, False, False, False, False, False, False, False, False, False, False, False, False, False, False, False, False, False, False, False, False, False, False, False, False, False, False, False, False, False, False, False, False, False, False, False, False, False, False, False, False, False, False, False, False, False, False, False, False, False, False, False, False, False, False, False, False, False, False, False, False, False, False, False, False, False, False, False, False]","[0.0, 0.0, 0.0, 0.0, 0.0, 0.0, 0.0, 0.0, 0.0, 0.0, 0.0, 0.0, 0.0, 0.0, 0.0, 0.0, 0.0, 0.0, 0.0, 0.0, 0.0, 0.0, 0.0, 0.0, 0.0, 0.0, 0.0, 0.0, 0.0, 0.0, 0.0, 0.0, 0.0, 0.0, 0.0, 0.0, 0.0, 0.0, 0.0, 0.0, 0.0, 0.0, 0.0, 0.0, 0.0, 0.0, 0.0, 0.0, 0.0, 0.0, 0.0, 0.0, 0.0, 0.0, 0.0, 0.0, 0.0, 0.0, 0.0, 0.0, 0.0, 0.0, 0.0, 0.0, 0.0, 0.0, 0.0, 0.0, 0.0, 0.0, 0.0, 0.0, 0.0, 0.0, 0.0, 0.0, 0.0, 0.0, 0.0, 0.0, 0.0, 0.0, 0.0, 0.0, 0.0, 0.0, 0.0, 0.0, 0.0, 0.0, 0.0, 0.0, 0.0, 0.0, 0.0, 0.0, 0.0, 0.0, 0.0, 0.0]"
3,1000,7,sup,100,100,100,approximate,0.05,N01xN01xN01xN01xN01,T3xT3xT3xT3xT3xT3xT3,340.8774999999999,"[False, False, False, False, False, False, False, False, False, False, False, False, False, False, False, False, False, False, False, False, False, False, False, False, False, False, False, False, False, False, False, False, False, False, False, False, False, False, False, False, False, False, False, False, False, False, False, False, False, False, False, False, False, False, False, False, False, False, False, False, False, False, False, False, False, False, False, False, False, False, False, False, False, False, False, False, False, False, False, False, False, False, False, False, False, False, False, False, False, False, False, False, False, False, False, False, False, False, False, False]","[0.0, 0.0, 0.0, 0.0, 0.0, 0.0, 0.0, 0.0, 0.0, 0.0, 0.0, 0.0, 0.0, 0.0, 0.0, 0.0, 0.0, 0.0, 0.0, 0.0, 0.0, 0.0, 0.0, 0.0, 0.0, 0.0, 0.0, 0.0, 0.0, 0.0, 0.0, 0.0, 0.0, 0.0, 0.0, 0.0, 0.0, 0.0, 0.0, 0.0, 0.0, 0.0, 0.0, 0.0, 0.0, 0.0, 0.0, 0.0, 0.0, 0.0, 0.0, 0.0, 0.0, 0.0, 0.0, 0.0, 0.0, 0.0, 0.0, 0.0, 0.0, 0.0, 0.0, 0.0, 0.0, 0.0, 0.0, 0.0, 0.0, 0.0, 0.0, 0.0, 0.0, 0.0, 0.0, 0.0, 0.0, 0.0, 0.0, 0.0, 0.0, 0.0, 0.0, 0.0, 0.0, 0.0, 0.0, 0.0, 0.0, 0.0, 0.0, 0.0, 0.0, 0.0, 0.0, 0.0, 0.0, 0.0, 0.0, 0.0]"
4,1000,7,sup,100,100,100,approximate,0.05,N01xN01xN01xN01xN01,T5xT5xT5xT5xT5xT5xT5,340.8774999999999,"[False, False, False, False, False, False, False, False, False, False, False, False, False, False, False, False, False, False, False, False, False, False, False, False, False, False, False, False, False, False, False, False, False, False, False, False, False, False, False, False, False, False, False, False, False, False, False, False, False, False, False, False, False, False, False, False, False, False, False, False, False, False, False, False, False, False, False, False, False, False, False, False, False, False, False, False, False, False, False, False, False, False, False, False, False, False, False, False, False, False, False, False, False, False, False, False, False, False, False, False]","[0.0, 0.0, 0.0, 0.0, 0.0, 0.0, 0.0, 0.0, 0.0, 0.0, 0.0, 0.0, 0.0, 0.0, 0.0, 0.0, 0.0, 0.0, 0.0, 0.0, 0.0, 0.0, 0.0, 0.0, 0.0, 0.0, 0.0, 0.0, 0.0, 0.0, 0.0, 0.0, 0.0, 0.0, 0.0, 0.0, 0.0, 0.0, 0.0, 0.0, 0.0, 0.0, 0.0, 0.0, 0.0, 0.0, 0.0, 0.0, 0.0, 0.0, 0.0, 0.0, 0.0, 0.0, 0.0, 0.0, 0.0, 0.0, 0.0, 0.0, 0.0, 0.0, 0.0, 0.0, 0.0, 0.0, 0.0, 0.0, 0.0, 0.0, 0.0, 0.0, 0.0, 0.0, 0.0, 0.0, 0.0, 0.0, 0.0, 0.0, 0.0, 0.0, 0.0, 0.0, 0.0, 0.0, 0.0, 0.0, 0.0, 0.0, 0.0, 0.0, 0.0, 0.0, 0.0, 0.0, 0.0, 0.0, 0.0, 0.0]"
5,1000,7,sup,100,100,100,approximate,0.05,N01xN01xN01xN01xN01,N01xN01xN01xT5xT5xT5xT5,340.8774999999999,"[False, False, False, False, False, False, False, False, False, False, False, False, False, False, False, False, False, False, False, False, False, False, False, False, False, False, False, False, False, False, False, False, False, False, False, False, False, False, False, False, False, False, False, False, False, False, False, False, False, False, False, False, False, False, False, False, False, False, False, False, False, False, False, False, False, False, False, False, False, False, False, False, False, False, False, False, False, False, False, False, False, False, False, False, False, False, False, False, False, False, False, False, False, False, False, False, False, False, False, False]","[0.01, 0.01, 0.0, 0.05, 0.01, 0.04, 0.01, 0.04, 0.01, 0.01, 0.01, 0.01, 0.01, 0.01, 0.01, 0.01, 0.01, 0.05, 0.03, 0.01, 0.01, 0.04, 0.01, 0.01, 0.01, 0.03, 0.02, 0.01, 0.01, 0.01, 0.05, 0.0, 0.04, 0.03, 0.01, 0.01, 0.01, 0.0, 0.05, 0.01, 0.01, 0.01, 0.01, 0.01, 0.01, 0.03, 0.01, 0.01, 0.05, 0.01, 0.01, 0.0, 0.03, 0.01, 0.01, 0.01, 0.03, 0.01, 0.01, 0.01, 0.01, 0.03, 0.01, 0.01, 0.01, 0.03, 0.04, 0.01, 0.01, 0.05, 0.01, 0.01, 0.01, 0.01, 0.01, 0.0, 0.0, 0.01, 0.05, 0.04, 0.01, 0.01, 0.0, 0.0, 0.01, 0.02, 0.01, 0.03, 0.01, 0.01, 0.01, 0.01, 0.01, 0.01, 0.01, 0.05, 0.04, 0.01, 0.02, 0.02]"
6,1000,7,sup,100,100,100,approximate,0.05,N01xN01xN01xN01xN01,N01xN01xN01xN01xLapxLapxLap,340.8774999999999,"[False, False, False, False, False, False, False, False, False, False, False, False, False, False, False, False, False, False, False, False, False, False, False, False, False, False, False, False, False, False, False, False, False, False, False, False, False, False, False, False, False, False, False, False, False, False, False, False, False, False, False, False, False, False, False, False, False, False, False, False, False, False, False, False, False, False, False, False, False, False, False, False, False, False, False, False, False, False, False, False, False, False, False, False, False, False, False, False, False, False, False, False, False, False, False, False, False, False, False, False]","[0.01, 0.0, 0.01, 0.0, 0.01, 0.04, 0.01, 0.01, 0.0, 0.01, 0.0, 0.01, 0.0, 0.0, 0.0, 0.0, 0.0, 0.01, 0.01, 0.0, 0.01, 0.0, 0.0, 0.01, 0.01, 0.01, 0.0, 0.01, 0.01, 0.0, 0.01, 0.01, 0.0, 0.01, 0.0, 0.0, 0.01, 0.01, 0.0, 0.01, 0.01, 0.01, 0.01, 0.0, 0.0, 0.01, 0.01, 0.01, 0.0, 0.01, 0.01, 0.01, 0.0, 0.0, 0.0, 0.0, 0.04, 0.0, 0.01, 0.0, 0.01, 0.01, 0.01, 0.0, 0.01, 0.03, 0.0, 0.0, 0.01, 0.01, 0.05, 0.01, 0.01, 0.0, 0.0, 0.0, 0.01, 0.0, 0.0, 0.0, 0.01, 0.0, 0.01, 0.01, 0.03, 0.01, 0.01, 0.04, 0.0, 0.0, 0.0, 0.05, 0.0, 0.01, 0.01, 0.04, 0.01, 0.01, 0.01, 0.01]"
7,1000,7,sup,100,100,100,approximate,0.05,MultiGauss0.1,N01xN01xN01xN01xN01,334.3705,"[True, True, True, True, True, True, True, True, True, True, True, True, True, True, True, False, False, True, True, True, True, True, True, True, True, True, True, True, True, True, True, True, True, True, True, True, True, True, True, True, True, True, True, True, True, True, True, True, True, False, True, True, True, True, True, False, True, True, True, True, True, False, True, True, True, False, True, True, True, True, True, True, True, True, True, True, True, True, True, True, True, True, True, True, True, True, True, True, True, True, True, True, True, False, True, True, True, True, True, True]","[0.88, 0.13, 0.81, 0.11, 0.11, 0.56, 0.84, 0.79, 0.31, 0.27, 0.26, 0.11, 0.61, 0.78, 0.26, 0.05, 0.02, 0.85, 0.95, 0.86, 0.77, 0.81, 0.11, 0.3, 0.23, 0.29, 0.44, 0.26, 0.07, 0.44, 0.68, 0.64, 0.24, 0.54, 0.18, 0.3, 0.95, 0.11, 0.78, 0.82, 0.77, 0.96, 0.78, 0.23, 0.67, 0.11, 0.98, 0.53, 0.94, 0.03, 0.75, 0.99, 0.46, 0.31, 0.26, 0.02, 0.78, 0.56, 0.91, 0.68, 0.53, 0.05, 0.8, 0.78, 0.76, 0.0, 0.56, 0.87, 0.24, 0.06, 0.1, 0.22, 0.56, 0.38, 0.39, 0.83, 0.06, 0.69, 0.45, 0.88, 0.42, 0.5, 1.0, 0.1, 0.66, 0.95, 0.37, 0.3, 0.26, 0.83, 0.77, 0.81, 0.17, 0.0, 0.88, 0.66, 0.18, 0.23, 0.44, 0.99]"
8,1000,7,sup,100,100,100,approximate,0.05,MultiGauss0.1,MultiGauss0.1,334.3705,"[True, True, True, True, True, True, True, True, False, False, True, True, True, True, True, True, True, True, True, True, False, True, True, False, True, True, True, True, True, True, True, False, True, True, True, True, True, True, True, True, True, True, True, True, True, True, True, True, True, True, True, True, True, True, True, True, True, True, False, True, True, True, True, True, True, True, True, True, True, True, True, True, True, True, True, True, True, True, True, False, True, True, True, True, True, True, True, True, True, True, True, True, True, True, True, True, True, True, True, True]","[0.41, 0.23, 0.74, 0.23, 0.83, 0.99, 0.31, 0.83, 0.0, 0.0, 0.71, 0.56, 0.13, 0.87, 0.93, 0.33, 0.23, 0.87, 0.56, 0.65, 0.04, 0.27, 0.83, 0.0, 0.86, 0.78, 0.24, 0.63, 0.67, 0.63, 0.66, 0.0, 0.95, 0.88, 0.26, 0.35, 0.56, 0.62, 0.38, 0.56, 0.67, 0.06, 0.45, 0.77, 0.67, 0.75, 0.83, 0.67, 0.11, 0.53, 0.35, 0.53, 0.77, 0.99, 0.93, 1.0, 0.85, 0.53, 0.0, 0.99, 0.53, 0.99, 0.82, 0.99, 0.53, 0.44, 0.29, 0.56, 0.24, 0.26, 0.06, 0.16, 0.53, 0.25, 0.9, 0.66, 0.56, 0.1, 0.06, 0.05, 0.26, 0.77, 0.77, 0.85, 0.28, 0.67, 0.23, 0.3, 0.36, 0.66, 0.83, 0.84, 0.06, 0.3, 0.13, 0.99, 0.23, 0.53, 0.96, 0.3]"
9,1000,7,sup,100,100,100,approximate,0.05,MultiGauss0.1,MultiGauss0.5,334.3705,"[False, False, False, False, False, False, False, False, False, False, False, False, False, False, False, False, False, False, False, False, False, False, False, False, False, False, False, False, False, False, False, False, False, False, False, False, False, False, False, False, False, False, False, False, False, False, False, False, False, False, False, False, False, False, False, False, False, False, False, False, False, False, False, False, False, False, False, False, False, False, False, False, False, False, False, False, False, False, False, False, False, False, False, False, False, False, False, False, False, False, False, False, False, False, False, False, False, False, False, False]","[0.0, 0.0, 0.0, 0.0, 0.0, 0.0, 0.0, 0.0, 0.0, 0.0, 0.0, 0.0, 0.0, 0.0, 0.0, 0.0, 0.0, 0.0, 0.0, 0.0, 0.0, 0.0, 0.0, 0.0, 0.0, 0.0, 0.0, 0.0, 0.0, 0.0, 0.0, 0.0, 0.0, 0.0, 0.0, 0.0, 0.0, 0.0, 0.0, 0.0, 0.0, 0.0, 0.0, 0.0, 0.0, 0.0, 0.0, 0.0, 0.0, 0.0, 0.0, 0.0, 0.0, 0.0, 0.0, 0.0, 0.0, 0.0, 0.0, 0.0, 0.0, 0.0, 0.0, 0.0, 0.0, 0.0, 0.0, 0.0, 0.0, 0.0, 0.0, 0.0, 0.0, 0.0, 0.0, 0.0, 0.0, 0.0, 0.0, 0.0, 0.0, 0.0, 0.0, 0.0, 0.0, 0.0, 0.0, 0.0, 0.0, 0.0, 0.0, 0.0, 0.0, 0.0, 0.0, 0.0, 0.0, 0.0, 0.0, 0.0]"
10,1000,7,sup,100,100,100,approximate,0.05,MultiGauss0.1,T3xT3xT3xT3xT3xT3xT3,334.3705,"[False, False, False, False, False, False, False, False, False, False, False, False, False, False, False, False, False, False, False, False, False, False, False, False, False, False, False, False, False, False, False, False, False, False, False, False, False, False, False, False, False, False, False, False, False, False, False, False, False, False, False, False, False, False, False, False, False, False, False, False, False, False, False, False, False, False, False, False, False, False, False, False, False, False, False, False, False, False, False, False, False, False, False, False, False, False, False, False, False, False, False, False, False, False, False, False, False, False, False, False]","[0.0, 0.0, 0.0, 0.0, 0.0, 0.0, 0.0, 0.0, 0.0, 0.0, 0.0, 0.0, 0.0, 0.0, 0.0, 0.0, 0.0, 0.0, 0.0, 0.0, 0.0, 0.0, 0.0, 0.0, 0.0, 0.0, 0.0, 0.0, 0.0, 0.0, 0.0, 0.0, 0.0, 0.0, 0.0, 0.0, 0.0, 0.0, 0.0, 0.0, 0.0, 0.0, 0.0, 0.0, 0.0, 0.0, 0.0, 0.0, 0.0, 0.0, 0.0, 0.0, 0.0, 0.0, 0.0, 0.0, 0.0, 0.0, 0.0, 0.0, 0.0, 0.0, 0.0, 0.0, 0.0, 0.0, 0.0, 0.0, 0.0, 0.0, 0.0, 0.0, 0.0, 0.0, 0.0, 0.0, 0.0, 0.0, 0.0, 0.0, 0.0, 0.0, 0.0, 0.0, 0.0, 0.0, 0.0, 0.0, 0.0, 0.0, 0.0, 0.0, 0.0, 0.0, 0.0, 0.0, 0.0, 0.0, 0.0, 0.0]"
