,n,dim,norm,n_signature,n_test,M,method,significance_level,true_dist,alter_dist,threshold,accpect_h0,pvals
0,250,7,sup,100,100,100,approximate,0.05,N01xN01xN01xN01xN01,N01xN01xN01xN01xN01,111.369,"[True, False, True, True, True, True, True, True, True, True, True, True, True, True, True, True, True, True, True, True, True, True, True, True, True, True, True, True, True, True, False, True, False, True, False, True, True, True, True, False, True, True, False, True, True, True, True, True, True, True, True, True, True, True, True, True, True, True, True, True, True, True, True, True, True, True, True, True, True, True, True, True, False, True, True, True, True, True, True, True, True, True, True, True, True, True, True, True, True, True, True, True, False, True, True, True, True, False, True, True]","[0.27, 0.0, 0.49, 0.39, 0.7, 0.58, 0.1, 0.52, 0.86, 0.7, 0.07, 0.63, 0.37, 0.8, 0.98, 0.77, 0.45, 0.46, 0.56, 0.77, 0.7, 0.74, 0.27, 0.22, 0.74, 0.07, 0.67, 0.91, 0.74, 0.79, 0.0, 0.28, 0.04, 0.26, 0.05, 0.38, 0.77, 1.0, 0.44, 0.01, 0.74, 0.62, 0.0, 0.53, 0.93, 0.07, 0.35, 0.8, 0.18, 0.2, 0.81, 0.52, 0.45, 0.79, 0.91, 0.31, 0.52, 0.61, 0.2, 0.98, 0.06, 0.77, 0.49, 0.38, 0.8, 0.95, 0.35, 0.74, 0.75, 0.45, 0.07, 0.32, 0.01, 0.86, 0.98, 0.52, 0.87, 0.49, 0.91, 0.81, 0.74, 0.77, 0.46, 0.56, 0.91, 0.54, 0.06, 0.67, 0.87, 0.79, 0.94, 0.9, 0.03, 0.45, 0.84, 0.15, 0.79, 0.0, 0.91, 0.28]"
1,250,7,sup,100,100,100,approximate,0.05,N01xN01xN01xN01xN01,MultiGauss0.1,111.369,"[True, True, True, True, False, False, True, True, True, True, True, True, True, True, True, True, True, True, True, True, True, False, True, True, False, True, True, True, True, True, True, True, True, True, True, True, True, True, True, False, False, True, True, True, True, False, True, True, True, True, True, True, True, True, True, True, True, True, True, True, True, True, True, True, True, True, True, True, True, True, True, True, True, True, True, True, True, True, True, True, True, True, True, True, True, True, True, True, True, True, True, True, True, True, True, False, True, True, False, True]","[0.08, 0.98, 0.99, 0.08, 0.01, 0.01, 0.52, 0.67, 0.75, 0.06, 0.8, 0.29, 0.16, 0.91, 0.67, 0.18, 0.86, 0.18, 0.38, 0.77, 0.74, 0.01, 0.98, 0.73, 0.04, 0.31, 0.74, 0.94, 0.49, 0.98, 0.7, 0.74, 0.18, 0.33, 0.63, 0.74, 0.62, 0.35, 0.47, 0.01, 0.0, 0.36, 0.16, 0.81, 0.47, 0.01, 0.31, 0.95, 0.77, 0.98, 0.09, 0.77, 0.51, 0.75, 0.56, 0.98, 1.0, 0.67, 0.77, 0.8, 0.91, 0.19, 0.61, 0.38, 0.63, 0.33, 1.0, 0.71, 0.45, 0.95, 0.18, 0.2, 0.08, 0.06, 0.49, 0.15, 0.17, 0.61, 0.58, 0.38, 0.86, 0.72, 0.67, 0.45, 0.66, 0.18, 0.26, 0.46, 0.08, 0.72, 0.63, 0.07, 0.74, 0.7, 0.96, 0.04, 0.99, 0.92, 0.05, 0.71]"
2,250,7,sup,100,100,100,approximate,0.05,N01xN01xN01xN01xN01,MultiGauss0.5,111.369,"[False, False, False, False, False, False, False, False, False, False, False, False, False, False, False, False, False, False, False, False, False, False, False, False, False, False, False, False, False, False, False, False, False, False, False, False, False, False, False, False, False, False, False, False, False, False, False, False, False, False, False, False, False, False, False, False, False, False, False, False, False, False, False, False, False, False, False, False, False, True, False, False, False, False, False, False, False, False, False, False, False, False, False, False, False, False, False, False, False, False, False, False, False, False, False, False, False, False, False, False]","[0.0, 0.0, 0.0, 0.0, 0.0, 0.0, 0.0, 0.0, 0.0, 0.0, 0.0, 0.0, 0.0, 0.0, 0.0, 0.0, 0.0, 0.0, 0.0, 0.0, 0.0, 0.0, 0.0, 0.0, 0.0, 0.0, 0.0, 0.0, 0.0, 0.0, 0.0, 0.0, 0.0, 0.0, 0.0, 0.0, 0.0, 0.0, 0.0, 0.0, 0.0, 0.0, 0.0, 0.0, 0.0, 0.0, 0.0, 0.0, 0.0, 0.0, 0.0, 0.0, 0.0, 0.0, 0.0, 0.0, 0.0, 0.0, 0.0, 0.0, 0.0, 0.0, 0.0, 0.0, 0.0, 0.0, 0.0, 0.0, 0.0, 0.08, 0.0, 0.0, 0.0, 0.0, 0.0, 0.0, 0.0, 0.0, 0.0, 0.0, 0.0, 0.0, 0.0, 0.0, 0.0, 0.0, 0.0, 0.0, 0.0, 0.0, 0.0, 0.0, 0.0, 0.0, 0.0, 0.0, 0.0, 0.0, 0.0, 0.0]"
3,250,7,sup,100,100,100,approximate,0.05,N01xN01xN01xN01xN01,T3xT3xT3xT3xT3xT3xT3,111.369,"[False, False, False, False, False, False, False, False, False, False, False, False, False, False, False, False, False, False, False, False, False, False, False, False, False, False, False, False, False, False, False, False, False, False, False, False, False, False, False, False, False, False, False, False, False, False, False, False, False, False, False, False, False, False, False, False, False, False, False, False, False, False, False, False, False, False, False, False, False, False, False, False, False, False, False, False, False, False, False, False, False, False, False, False, False, False, False, False, False, False, False, False, False, False, False, False, False, False, False, False]","[0.0, 0.0, 0.0, 0.0, 0.0, 0.0, 0.0, 0.0, 0.0, 0.0, 0.0, 0.0, 0.0, 0.0, 0.0, 0.0, 0.0, 0.0, 0.0, 0.0, 0.0, 0.0, 0.0, 0.0, 0.0, 0.0, 0.0, 0.0, 0.0, 0.0, 0.0, 0.0, 0.0, 0.0, 0.0, 0.0, 0.0, 0.0, 0.0, 0.0, 0.0, 0.0, 0.0, 0.0, 0.0, 0.0, 0.0, 0.0, 0.0, 0.0, 0.0, 0.0, 0.0, 0.0, 0.0, 0.0, 0.0, 0.0, 0.0, 0.0, 0.0, 0.0, 0.0, 0.0, 0.0, 0.0, 0.0, 0.0, 0.0, 0.0, 0.0, 0.0, 0.0, 0.0, 0.0, 0.0, 0.0, 0.0, 0.0, 0.0, 0.0, 0.0, 0.0, 0.0, 0.0, 0.0, 0.0, 0.0, 0.0, 0.0, 0.0, 0.0, 0.0, 0.0, 0.0, 0.0, 0.0, 0.0, 0.0, 0.0]"
4,250,7,sup,100,100,100,approximate,0.05,N01xN01xN01xN01xN01,T5xT5xT5xT5xT5xT5xT5,111.369,"[False, False, False, False, False, False, False, False, False, False, False, False, False, False, False, False, False, False, False, False, False, False, False, False, False, False, False, False, False, False, False, False, False, False, False, False, False, False, False, False, False, False, False, False, False, False, False, False, False, False, False, False, False, False, False, False, False, False, False, False, False, False, False, False, False, False, False, False, False, False, False, False, False, False, False, False, False, False, False, False, False, False, False, False, False, False, False, False, False, False, False, False, False, False, False, False, False, False, False, False]","[0.0, 0.0, 0.0, 0.0, 0.0, 0.0, 0.0, 0.0, 0.0, 0.0, 0.0, 0.0, 0.0, 0.0, 0.0, 0.0, 0.0, 0.0, 0.0, 0.0, 0.0, 0.0, 0.0, 0.0, 0.0, 0.0, 0.0, 0.0, 0.0, 0.0, 0.0, 0.0, 0.0, 0.0, 0.0, 0.0, 0.0, 0.0, 0.0, 0.0, 0.0, 0.0, 0.0, 0.0, 0.0, 0.0, 0.0, 0.0, 0.0, 0.0, 0.0, 0.0, 0.0, 0.0, 0.01, 0.0, 0.0, 0.04, 0.0, 0.0, 0.0, 0.0, 0.0, 0.0, 0.0, 0.0, 0.0, 0.0, 0.0, 0.0, 0.0, 0.0, 0.0, 0.0, 0.0, 0.0, 0.0, 0.0, 0.0, 0.0, 0.0, 0.0, 0.0, 0.0, 0.0, 0.0, 0.0, 0.0, 0.0, 0.0, 0.0, 0.0, 0.0, 0.0, 0.0, 0.0, 0.0, 0.0, 0.0, 0.0]"
5,250,7,sup,100,100,100,approximate,0.05,N01xN01xN01xN01xN01,N01xN01xN01xT5xT5xT5xT5,111.369,"[True, True, False, True, False, True, True, False, False, False, True, True, False, True, True, False, False, False, True, False, True, True, True, True, True, False, True, True, False, True, False, True, True, False, True, True, True, False, False, True, False, False, False, True, False, False, True, True, False, True, True, False, True, False, False, True, True, True, False, True, True, False, False, False, False, True, True, True, True, False, False, True, True, True, False, False, False, False, True, False, False, False, False, False, False, False, False, True, False, False, False, False, True, False, True, False, False, False, True, False]","[0.07, 0.06, 0.01, 0.35, 0.01, 0.15, 0.19, 0.0, 0.04, 0.0, 0.09, 0.08, 0.01, 0.06, 0.14, 0.01, 0.04, 0.04, 0.18, 0.04, 0.33, 0.36, 0.09, 0.08, 0.06, 0.01, 0.09, 0.2, 0.01, 0.37, 0.04, 0.07, 0.07, 0.01, 0.06, 0.29, 0.79, 0.01, 0.01, 0.07, 0.0, 0.01, 0.04, 0.15, 0.04, 0.04, 0.13, 0.28, 0.01, 0.35, 0.06, 0.01, 0.65, 0.01, 0.0, 0.31, 0.43, 0.36, 0.0, 0.07, 0.16, 0.01, 0.0, 0.05, 0.04, 0.77, 0.21, 0.07, 0.09, 0.04, 0.0, 0.06, 0.08, 0.09, 0.04, 0.04, 0.03, 0.04, 0.07, 0.04, 0.04, 0.05, 0.01, 0.04, 0.0, 0.0, 0.0, 0.31, 0.0, 0.0, 0.0, 0.0, 0.69, 0.0, 0.07, 0.0, 0.0, 0.04, 0.19, 0.04]"
6,250,7,sup,100,100,100,approximate,0.05,N01xN01xN01xN01xN01,N01xN01xN01xN01xLapxLapxLap,111.369,"[True, False, False, False, False, True, True, True, True, False, False, False, False, True, False, False, True, True, True, False, True, True, True, False, False, True, False, True, False, True, False, False, True, False, False, True, False, False, True, True, False, True, False, False, True, False, False, False, False, False, True, False, True, True, False, False, False, False, False, False, True, False, True, False, False, True, False, False, True, False, False, False, True, False, True, False, False, False, False, True, True, True, True, False, False, False, True, True, True, False, False, False, True, False, True, False, False, False, False, False]","[0.26, 0.0, 0.04, 0.0, 0.04, 0.13, 0.79, 0.08, 0.15, 0.03, 0.0, 0.0, 0.0, 0.18, 0.04, 0.0, 0.07, 0.08, 0.56, 0.03, 0.08, 0.09, 0.35, 0.03, 0.0, 0.31, 0.04, 0.35, 0.0, 0.46, 0.0, 0.0, 0.07, 0.0, 0.03, 0.09, 0.0, 0.0, 0.19, 0.08, 0.01, 0.63, 0.04, 0.04, 0.18, 0.01, 0.01, 0.0, 0.0, 0.01, 0.2, 0.04, 0.36, 0.09, 0.0, 0.0, 0.0, 0.0, 0.01, 0.0, 0.27, 0.02, 0.07, 0.01, 0.04, 0.06, 0.0, 0.0, 0.26, 0.04, 0.01, 0.01, 0.07, 0.0, 0.45, 0.0, 0.0, 0.0, 0.04, 0.09, 0.49, 0.07, 0.07, 0.0, 0.0, 0.0, 0.09, 0.05, 0.28, 0.0, 0.05, 0.0, 0.06, 0.0, 0.07, 0.0, 0.0, 0.0, 0.0, 0.0]"
7,250,7,sup,100,100,100,approximate,0.05,MultiGauss0.1,N01xN01xN01xN01xN01,119.0675,"[True, True, True, True, True, True, True, True, True, True, True, True, True, False, True, True, True, True, True, True, True, True, True, True, True, True, True, True, True, True, True, True, True, True, True, True, True, True, True, True, True, True, True, True, True, True, True, True, True, True, True, False, True, True, True, True, True, True, True, True, True, True, True, True, True, True, True, True, True, True, True, True, True, True, True, True, True, True, True, True, True, True, True, True, True, True, True, True, True, True, True, True, True, True, True, True, True, True, True, True]","[0.82, 0.28, 0.3, 0.08, 0.4, 0.68, 0.63, 0.2, 0.39, 0.48, 0.79, 0.65, 0.42, 0.02, 0.12, 0.62, 0.08, 0.4, 0.35, 0.08, 0.78, 0.06, 0.11, 0.72, 0.24, 0.13, 0.13, 0.96, 0.64, 0.97, 0.78, 0.75, 0.7, 0.82, 0.39, 0.76, 0.38, 0.64, 0.82, 0.39, 0.48, 0.21, 0.3, 0.29, 0.39, 1.0, 0.76, 0.82, 0.4, 0.08, 0.38, 0.04, 0.24, 0.21, 0.78, 0.8, 0.89, 0.89, 0.21, 0.38, 0.16, 0.75, 0.72, 0.7, 0.22, 0.7, 0.87, 0.89, 0.4, 0.48, 0.65, 0.68, 0.44, 0.26, 0.86, 0.86, 0.85, 0.94, 0.11, 0.12, 0.76, 0.32, 0.94, 0.13, 0.29, 0.52, 0.94, 0.84, 0.78, 0.86, 0.11, 0.08, 0.91, 0.82, 0.11, 0.93, 0.13, 0.31, 0.11, 0.96]"
8,250,7,sup,100,100,100,approximate,0.05,MultiGauss0.1,MultiGauss0.1,119.0675,"[True, True, True, True, True, True, True, False, True, True, True, True, True, True, True, True, True, True, True, True, True, True, True, True, True, True, True, True, True, True, True, False, True, True, True, True, True, True, True, True, True, True, True, True, True, True, False, True, True, True, True, True, True, True, True, True, True, True, True, True, True, True, True, True, True, True, True, True, True, True, True, True, True, True, True, True, True, True, True, True, True, False, True, True, True, True, True, True, True, True, True, True, True, True, True, True, True, True, True, True]","[0.37, 0.6, 0.08, 0.68, 0.16, 0.08, 0.16, 0.01, 0.93, 0.65, 0.96, 0.38, 0.08, 0.38, 0.82, 0.08, 0.75, 0.62, 0.82, 0.86, 0.89, 0.88, 0.52, 0.89, 0.76, 0.26, 0.88, 0.79, 0.07, 0.67, 0.61, 0.01, 0.92, 0.08, 0.52, 0.8, 0.82, 0.21, 0.82, 0.71, 0.99, 0.38, 0.93, 0.08, 0.67, 0.68, 0.04, 0.39, 0.21, 0.45, 0.92, 0.9, 0.66, 0.82, 0.82, 0.86, 0.25, 0.13, 0.52, 0.82, 0.25, 0.52, 0.7, 0.93, 0.89, 0.4, 0.11, 0.11, 0.08, 0.06, 0.49, 0.29, 0.08, 0.76, 0.82, 0.65, 0.75, 0.46, 0.35, 0.64, 0.86, 0.04, 0.9, 0.31, 0.64, 0.91, 0.96, 0.24, 0.25, 0.35, 0.89, 0.25, 0.8, 0.96, 0.26, 0.52, 0.79, 0.45, 0.31, 0.64]"
9,250,7,sup,100,100,100,approximate,0.05,MultiGauss0.1,MultiGauss0.5,119.0675,"[False, False, False, False, False, False, False, False, False, False, False, False, False, False, False, False, False, False, False, False, False, False, False, False, False, False, False, False, False, False, False, False, False, False, False, False, False, False, False, False, False, False, False, False, False, False, False, False, False, False, False, False, False, False, False, False, False, False, False, False, False, False, False, False, False, False, False, False, False, False, False, False, False, False, False, False, False, False, False, False, False, False, False, False, False, False, False, False, False, False, False, False, False, False, False, False, False, False, False, False]","[0.0, 0.0, 0.0, 0.0, 0.0, 0.0, 0.0, 0.0, 0.0, 0.0, 0.0, 0.0, 0.0, 0.0, 0.04, 0.0, 0.0, 0.0, 0.01, 0.0, 0.0, 0.0, 0.0, 0.02, 0.0, 0.0, 0.0, 0.0, 0.0, 0.0, 0.0, 0.0, 0.0, 0.0, 0.0, 0.0, 0.0, 0.0, 0.0, 0.0, 0.0, 0.0, 0.0, 0.0, 0.0, 0.0, 0.0, 0.0, 0.0, 0.0, 0.0, 0.0, 0.0, 0.0, 0.0, 0.0, 0.0, 0.0, 0.04, 0.0, 0.0, 0.0, 0.0, 0.0, 0.0, 0.0, 0.0, 0.0, 0.0, 0.0, 0.0, 0.0, 0.01, 0.0, 0.0, 0.0, 0.0, 0.02, 0.0, 0.0, 0.0, 0.0, 0.0, 0.0, 0.0, 0.0, 0.0, 0.0, 0.0, 0.0, 0.0, 0.0, 0.0, 0.0, 0.0, 0.0, 0.0, 0.0, 0.0, 0.0]"
10,250,7,sup,100,100,100,approximate,0.05,MultiGauss0.1,T3xT3xT3xT3xT3xT3xT3,119.0675,"[False, False, False, False, False, False, False, False, False, False, False, False, False, False, False, False, False, False, False, False, False, False, False, False, False, False, False, False, False, False, False, False, False, False, False, False, False, False, False, False, False, False, False, False, False, False, False, False, False, False, False, False, False, False, False, False, False, False, False, False, False, False, False, False, False, False, False, False, False, False, False, False, False, False, False, False, False, False, False, False, False, False, False, False, False, False, False, False, False, False, False, False, False, False, False, False, False, False, False, False]","[0.0, 0.0, 0.0, 0.0, 0.0, 0.0, 0.0, 0.0, 0.0, 0.0, 0.0, 0.0, 0.0, 0.0, 0.0, 0.0, 0.0, 0.0, 0.0, 0.0, 0.0, 0.0, 0.0, 0.0, 0.0, 0.0, 0.0, 0.0, 0.0, 0.0, 0.0, 0.0, 0.0, 0.0, 0.0, 0.0, 0.0, 0.0, 0.0, 0.0, 0.0, 0.0, 0.0, 0.0, 0.0, 0.0, 0.0, 0.0, 0.0, 0.0, 0.0, 0.0, 0.0, 0.0, 0.0, 0.0, 0.0, 0.0, 0.0, 0.0, 0.0, 0.0, 0.0, 0.0, 0.0, 0.0, 0.0, 0.0, 0.0, 0.0, 0.0, 0.0, 0.0, 0.0, 0.0, 0.0, 0.0, 0.0, 0.0, 0.0, 0.0, 0.0, 0.0, 0.0, 0.0, 0.0, 0.0, 0.0, 0.0, 0.0, 0.0, 0.0, 0.0, 0.0, 0.0, 0.0, 0.0, 0.0, 0.0, 0.0]"
11,250,7,sup,100,100,100,approximate,0.05,MultiGauss0.1,T5xT5xT5xT5xT5xT5xT5,119.0675,"[False, False, False, False, False, False, False, False, False, False, False, False, False, False, False, False, False, False, False, False, False, False, False, False, False, False, False, False, False, False, False, False, False, False, False, False, False, False, False, False, False, False, False, False, False, False, False, False, False, False, False, False, True, False, False, False, False, False, False, False, False, False, False, False, False, False, False, False, False, False, False, False, False, False, False, False, False, False, False, False, False, False, False, False, True, False, False, False, False, False, False, False, False, False, False, False, False, False, False, False]","[0.0, 0.0, 0.0, 0.0, 0.0, 0.0, 0.03, 0.04, 0.0, 0.04, 0.0, 0.0, 0.0, 0.01, 0.0, 0.0, 0.0, 0.0, 0.0, 0.0, 0.01, 0.0, 0.0, 0.0, 0.0, 0.0, 0.0, 0.0, 0.0, 0.0, 0.0, 0.0, 0.0, 0.01, 0.0, 0.0, 0.0, 0.0, 0.0, 0.0, 0.0, 0.0, 0.0, 0.0, 0.0, 0.0, 0.0, 0.0, 0.0, 0.0, 0.0, 0.0, 0.13, 0.0, 0.0, 0.0, 0.0, 0.0, 0.0, 0.0, 0.0, 0.0, 0.0, 0.0, 0.0, 0.0, 0.0, 0.0, 0.0, 0.0, 0.0, 0.0, 0.01, 0.0, 0.0, 0.01, 0.0, 0.0, 0.0, 0.0, 0.0, 0.0, 0.0, 0.0, 0.13, 0.0, 0.0, 0.0, 0.01, 0.0, 0.0, 0.0, 0.0, 0.0, 0.0, 0.0, 0.0, 0.0, 0.0, 0.04]"
12,250,7,sup,100,100,100,approximate,0.05,MultiGauss0.1,N01xN01xN01xT5xT5xT5xT5,119.0675,"[True, True, True, True, True, True, False, True, True, False, True, True, True, True, False, True, True, True, True, False, True, False, True, False, True, True, False, False, True, True, True, True, False, False, True, True, True, True, True, True, True, True, True, True, True, True, False, True, True, True, True, True, True, True, False, False, True, False, False, True, False, False, True, True, False, True, False, True, True, False, True, True, True, False, True, False, True, True, True, False, True, True, True, True, False, False, True, True, False, True, False, True, True, True, True, False, False, True, False, True]","[0.08, 0.13, 0.29, 0.08, 0.08, 0.13, 0.01, 0.06, 0.45, 0.04, 0.13, 0.29, 0.45, 0.06, 0.0, 0.24, 0.32, 0.07, 0.08, 0.02, 0.11, 0.0, 0.08, 0.04, 0.08, 0.28, 0.01, 0.01, 0.08, 0.12, 0.08, 0.13, 0.04, 0.02, 0.08, 0.48, 0.08, 0.08, 0.11, 0.4, 0.08, 0.13, 0.08, 0.08, 0.13, 0.13, 0.04, 0.18, 0.11, 0.08, 0.07, 0.08, 0.39, 0.13, 0.0, 0.04, 0.12, 0.04, 0.0, 0.08, 0.04, 0.03, 0.07, 0.08, 0.04, 0.42, 0.01, 0.27, 0.16, 0.04, 0.25, 0.66, 0.11, 0.04, 0.2, 0.0, 0.08, 0.08, 0.07, 0.01, 0.11, 0.65, 0.08, 0.13, 0.04, 0.02, 0.13, 0.13, 0.04, 0.34, 0.0, 0.25, 0.16, 0.2, 0.06, 0.05, 0.0, 0.08, 0.02, 0.24]"
13,250,7,sup,100,100,100,approximate,0.05,MultiGauss0.1,N01xN01xN01xN01xLapxLapxLap,119.0675,"[False, False, False, True, True, False, False, True, True, False, False, False, False, True, True, False, False, True, False, True, False, False, False, True, False, True, False, False, False, True, False, False, True, True, False, True, False, False, True, True, False, False, True, False, False, True, False, True, True, True, True, True, False, True, True, False, False, True, True, True, True, False, False, True, False, False, True, False, True, True, False, True, True, False, False, True, True, False, True, True, False, False, False, False, False, True, False, True, True, True, False, False, False, False, False, True, False, False, False, False]","[0.04, 0.04, 0.01, 0.38, 0.06, 0.01, 0.04, 0.18, 0.09, 0.04, 0.01, 0.04, 0.0, 0.08, 0.08, 0.01, 0.0, 0.06, 0.0, 0.22, 0.0, 0.02, 0.04, 0.08, 0.04, 0.06, 0.04, 0.0, 0.02, 0.06, 0.04, 0.02, 0.74, 0.08, 0.0, 0.13, 0.04, 0.04, 0.11, 0.08, 0.03, 0.04, 0.06, 0.0, 0.0, 0.1, 0.0, 0.11, 0.13, 0.4, 0.13, 0.08, 0.0, 0.71, 0.11, 0.04, 0.02, 0.29, 0.11, 0.39, 0.93, 0.04, 0.04, 0.08, 0.04, 0.0, 0.08, 0.04, 0.37, 0.11, 0.02, 0.09, 0.66, 0.02, 0.0, 0.08, 0.08, 0.02, 0.06, 0.08, 0.0, 0.04, 0.04, 0.0, 0.02, 0.08, 0.04, 0.08, 0.64, 0.11, 0.02, 0.04, 0.03, 0.04, 0.04, 0.08, 0.01, 0.04, 0.01, 0.04]"
14,250,7,sup,100,100,100,approximate,0.05,MultiGauss0.5,N01xN01xN01xN01xN01,100.82749999999997,"[False, False, False, False, False, False, False, False, False, False, False, False, False, False, False, False, False, False, False, False, False, False, False, False, False, False, False, False, False, False, False, False, False, False, False, False, False, False, False, False, False, False, False, False, False, False, False, False, False, False, False, False, False, False, False, False, False, False, False, False, False, False, False, False, False, False, False, False, False, False, False, False, False, False, False, False, False, False, False, False, False, False, False, False, False, False, False, False, False, False, False, False, False, False, False, False, False, False, False, False]","[0.0, 0.0, 0.0, 0.0, 0.0, 0.0, 0.0, 0.0, 0.0, 0.0, 0.0, 0.0, 0.0, 0.0, 0.0, 0.0, 0.0, 0.0, 0.0, 0.0, 0.0, 0.0, 0.0, 0.0, 0.0, 0.0, 0.0, 0.0, 0.0, 0.0, 0.0, 0.0, 0.0, 0.0, 0.0, 0.0, 0.0, 0.0, 0.0, 0.0, 0.0, 0.0, 0.0, 0.0, 0.0, 0.0, 0.0, 0.0, 0.0, 0.0, 0.0, 0.0, 0.0, 0.0, 0.0, 0.0, 0.0, 0.0, 0.0, 0.0, 0.0, 0.0, 0.0, 0.0, 0.0, 0.0, 0.0, 0.0, 0.0, 0.0, 0.0, 0.0, 0.0, 0.0, 0.0, 0.0, 0.0, 0.0, 0.0, 0.0, 0.0, 0.0, 0.0, 0.0, 0.0, 0.0, 0.0, 0.0, 0.0, 0.0, 0.0, 0.0, 0.0, 0.0, 0.0, 0.0, 0.0, 0.0, 0.0, 0.0]"
15,250,7,sup,100,100,100,approximate,0.05,MultiGauss0.5,MultiGauss0.1,100.82749999999997,"[False, False, False, False, False, False, False, False, False, False, False, False, False, False, False, False, False, False, False, False, False, False, False, False, False, False, False, False, False, False, False, False, False, False, False, False, False, False, False, False, False, False, False, False, False, False, False, False, False, False, False, False, False, False, False, False, False, False, False, False, False, False, False, False, False, False, False, False, False, False, False, False, False, False, False, False, False, False, False, False, False, False, False, False, False, False, False, False, False, False, False, False, False, False, False, False, False, False, False, False]","[0.0, 0.0, 0.0, 0.0, 0.0, 0.0, 0.0, 0.0, 0.0, 0.0, 0.0, 0.0, 0.0, 0.0, 0.0, 0.0, 0.0, 0.0, 0.0, 0.0, 0.0, 0.0, 0.0, 0.0, 0.0, 0.0, 0.0, 0.0, 0.0, 0.0, 0.0, 0.0, 0.0, 0.0, 0.0, 0.0, 0.0, 0.0, 0.0, 0.0, 0.0, 0.0, 0.0, 0.0, 0.0, 0.0, 0.0, 0.0, 0.0, 0.0, 0.0, 0.0, 0.0, 0.0, 0.0, 0.0, 0.0, 0.0, 0.0, 0.0, 0.0, 0.0, 0.0, 0.0, 0.0, 0.0, 0.0, 0.0, 0.0, 0.0, 0.0, 0.0, 0.0, 0.0, 0.0, 0.0, 0.0, 0.0, 0.0, 0.0, 0.0, 0.0, 0.0, 0.0, 0.02, 0.0, 0.0, 0.0, 0.0, 0.0, 0.0, 0.0, 0.0, 0.0, 0.0, 0.0, 0.0, 0.0, 0.0, 0.0]"
16,250,7,sup,100,100,100,approximate,0.05,MultiGauss0.5,MultiGauss0.5,100.82749999999997,"[True, True, True, True, True, True, True, True, True, True, True, True, True, True, True, True, False, True, False, True, True, True, True, True, True, True, True, False, True, True, True, True, True, True, True, True, True, True, True, True, False, True, True, True, True, True, True, True, True, True, False, True, True, True, False, True, False, True, False, True, True, True, True, True, True, True, True, True, True, False, True, True, True, True, True, True, True, True, True, True, True, False, True, True, True, True, True, True, True, True, True, True, True, True, True, True, True, True, True, True]","[0.94, 0.95, 0.73, 0.66, 0.33, 0.65, 0.18, 0.1, 0.18, 0.93, 0.16, 0.24, 0.65, 0.9, 0.29, 0.14, 0.02, 0.79, 0.01, 0.58, 0.27, 0.16, 0.95, 0.95, 0.41, 0.24, 0.97, 0.04, 0.91, 0.93, 0.29, 0.17, 0.39, 0.51, 0.33, 0.38, 0.71, 0.81, 0.95, 0.61, 0.01, 0.14, 0.81, 0.71, 0.98, 0.22, 0.65, 0.69, 0.26, 0.3, 0.04, 0.47, 0.95, 0.1, 0.05, 0.82, 0.0, 0.36, 0.01, 0.94, 0.95, 0.51, 0.41, 0.47, 0.35, 0.26, 0.97, 0.12, 0.48, 0.0, 0.29, 0.4, 0.74, 0.79, 0.65, 0.79, 0.56, 0.58, 0.95, 0.91, 0.94, 0.05, 0.65, 0.26, 0.09, 0.35, 0.91, 0.98, 0.91, 0.47, 0.08, 0.91, 0.47, 0.91, 0.91, 0.97, 0.14, 0.91, 0.95, 0.36]"
17,250,7,sup,100,100,100,approximate,0.05,MultiGauss0.5,T3xT3xT3xT3xT3xT3xT3,100.82749999999997,"[False, False, False, False, False, False, False, False, False, False, False, False, False, False, False, False, False, False, False, False, False, False, False, False, False, False, False, False, False, False, False, False, False, False, False, False, False, False, False, False, False, False, False, False, False, False, False, False, False, False, False, False, False, False, False, False, False, False, False, False, False, False, False, False, False, False, False, False, False, False, False, False, False, False, False, False, False, False, False, False, False, False, False, False, False, False, False, False, False, False, False, False, False, False, False, False, False, False, False, False]","[0.0, 0.0, 0.0, 0.0, 0.0, 0.0, 0.0, 0.0, 0.0, 0.0, 0.0, 0.0, 0.0, 0.0, 0.0, 0.0, 0.0, 0.0, 0.0, 0.0, 0.0, 0.0, 0.0, 0.0, 0.0, 0.0, 0.0, 0.0, 0.0, 0.0, 0.0, 0.0, 0.0, 0.0, 0.0, 0.0, 0.0, 0.0, 0.0, 0.0, 0.0, 0.0, 0.0, 0.0, 0.0, 0.0, 0.0, 0.0, 0.0, 0.0, 0.0, 0.0, 0.0, 0.0, 0.0, 0.0, 0.0, 0.0, 0.0, 0.0, 0.0, 0.0, 0.0, 0.0, 0.0, 0.0, 0.0, 0.0, 0.0, 0.0, 0.0, 0.0, 0.0, 0.0, 0.0, 0.0, 0.0, 0.0, 0.0, 0.0, 0.0, 0.0, 0.0, 0.0, 0.0, 0.0, 0.0, 0.0, 0.0, 0.0, 0.0, 0.0, 0.0, 0.0, 0.0, 0.0, 0.0, 0.0, 0.0, 0.0]"
18,250,7,sup,100,100,100,approximate,0.05,MultiGauss0.5,T5xT5xT5xT5xT5xT5xT5,100.82749999999997,"[False, False, False, False, False, False, False, False, False, False, False, False, False, False, False, False, False, False, False, False, False, False, False, False, False, False, False, False, False, False, False, False, False, False, False, False, False, False, False, False, False, False, False, False, False, False, False, False, False, False, False, False, False, False, False, False, False, False, False, False, False, False, False, False, False, False, False, False, False, False, False, False, False, False, False, False, False, False, False, False, False, False, False, False, False, False, False, False, False, False, False, False, False, False, False, False, False, False, False, False]","[0.0, 0.0, 0.0, 0.0, 0.0, 0.0, 0.0, 0.0, 0.0, 0.0, 0.0, 0.0, 0.0, 0.0, 0.0, 0.0, 0.0, 0.0, 0.0, 0.0, 0.0, 0.0, 0.0, 0.0, 0.0, 0.0, 0.0, 0.0, 0.0, 0.0, 0.0, 0.0, 0.0, 0.0, 0.0, 0.0, 0.0, 0.0, 0.0, 0.0, 0.0, 0.0, 0.0, 0.0, 0.0, 0.0, 0.0, 0.0, 0.0, 0.0, 0.0, 0.0, 0.0, 0.0, 0.0, 0.0, 0.0, 0.0, 0.0, 0.0, 0.0, 0.0, 0.0, 0.0, 0.0, 0.0, 0.0, 0.0, 0.0, 0.0, 0.0, 0.0, 0.0, 0.0, 0.0, 0.0, 0.0, 0.0, 0.0, 0.0, 0.0, 0.0, 0.0, 0.0, 0.0, 0.0, 0.0, 0.0, 0.0, 0.0, 0.0, 0.0, 0.0, 0.0, 0.0, 0.0, 0.0, 0.0, 0.0, 0.0]"
19,250,7,sup,100,100,100,approximate,0.05,MultiGauss0.5,N01xN01xN01xT5xT5xT5xT5,100.82749999999997,"[False, False, False, False, False, False, False, False, False, False, False, False, False, False, False, False, False, False, False, False, False, False, False, False, False, False, False, False, False, False, False, False, False, False, False, False, False, False, False, False, False, False, False, False, False, False, False, False, False, False, False, False, False, False, False, False, False, False, False, False, False, False, False, False, False, False, False, False, False, False, False, False, False, False, False, False, False, False, False, False, False, False, False, False, False, False, False, False, False, False, False, False, False, False, False, False, False, False, False, False]","[0.0, 0.0, 0.0, 0.0, 0.0, 0.0, 0.0, 0.0, 0.0, 0.0, 0.0, 0.0, 0.0, 0.0, 0.0, 0.0, 0.0, 0.0, 0.0, 0.0, 0.0, 0.0, 0.0, 0.0, 0.0, 0.0, 0.0, 0.0, 0.0, 0.0, 0.0, 0.0, 0.0, 0.0, 0.0, 0.0, 0.0, 0.0, 0.0, 0.0, 0.0, 0.0, 0.0, 0.0, 0.0, 0.0, 0.0, 0.0, 0.0, 0.0, 0.0, 0.0, 0.0, 0.0, 0.0, 0.0, 0.0, 0.0, 0.0, 0.0, 0.0, 0.0, 0.0, 0.0, 0.0, 0.0, 0.0, 0.0, 0.0, 0.0, 0.0, 0.0, 0.0, 0.0, 0.0, 0.0, 0.0, 0.0, 0.0, 0.0, 0.0, 0.0, 0.0, 0.0, 0.0, 0.0, 0.0, 0.0, 0.0, 0.0, 0.0, 0.0, 0.0, 0.0, 0.0, 0.0, 0.0, 0.0, 0.0, 0.0]"
20,250,7,sup,100,100,100,approximate,0.05,MultiGauss0.5,N01xN01xN01xN01xLapxLapxLap,100.82749999999997,"[False, False, False, False, False, False, False, False, False, False, False, False, False, False, False, False, False, False, False, False, False, False, False, False, False, False, False, False, False, False, False, False, False, False, False, False, False, False, False, False, False, False, False, False, False, False, False, False, False, False, False, False, False, False, False, False, False, False, False, False, False, False, False, False, False, False, False, False, False, False, False, False, False, False, False, False, False, False, False, False, False, False, False, False, False, False, False, False, False, False, False, False, False, False, False, False, False, False, False, False]","[0.0, 0.0, 0.0, 0.0, 0.0, 0.0, 0.0, 0.0, 0.0, 0.0, 0.0, 0.0, 0.0, 0.0, 0.0, 0.0, 0.0, 0.0, 0.0, 0.0, 0.0, 0.0, 0.0, 0.0, 0.0, 0.0, 0.0, 0.0, 0.0, 0.0, 0.0, 0.0, 0.0, 0.0, 0.0, 0.0, 0.0, 0.0, 0.0, 0.0, 0.0, 0.0, 0.0, 0.0, 0.0, 0.0, 0.0, 0.0, 0.0, 0.0, 0.0, 0.0, 0.0, 0.0, 0.0, 0.0, 0.0, 0.0, 0.0, 0.0, 0.0, 0.0, 0.0, 0.0, 0.0, 0.0, 0.0, 0.0, 0.0, 0.0, 0.0, 0.0, 0.0, 0.0, 0.0, 0.0, 0.0, 0.0, 0.0, 0.0, 0.0, 0.0, 0.0, 0.0, 0.0, 0.0, 0.0, 0.0, 0.0, 0.0, 0.0, 0.0, 0.0, 0.0, 0.0, 0.0, 0.0, 0.0, 0.0, 0.0]"
21,250,7,sup,100,100,100,approximate,0.05,T3xT3xT3xT3xT3xT3xT3,N01xN01xN01xN01xN01,89.844,"[False, False, False, False, False, False, False, False, False, False, False, False, False, False, False, False, False, False, False, False, False, False, False, False, False, False, False, False, False, False, False, False, False, False, False, False, False, False, False, False, False, False, False, False, False, False, False, False, False, False, False, False, False, False, False, False, False, False, False, False, False, False, False, False, False, False, False, False, False, False, False, False, False, False, False, False, False, False, False, False, False, False, False, False, False, False, False, False, False, False, False, False, False, False, False, False, False, False, False, False]","[0.0, 0.0, 0.0, 0.0, 0.0, 0.0, 0.0, 0.0, 0.0, 0.0, 0.0, 0.0, 0.0, 0.0, 0.0, 0.0, 0.0, 0.0, 0.0, 0.0, 0.0, 0.0, 0.0, 0.0, 0.0, 0.0, 0.0, 0.0, 0.0, 0.0, 0.0, 0.0, 0.0, 0.0, 0.0, 0.0, 0.0, 0.0, 0.0, 0.0, 0.0, 0.0, 0.0, 0.0, 0.0, 0.0, 0.0, 0.0, 0.0, 0.0, 0.0, 0.0, 0.0, 0.0, 0.0, 0.0, 0.0, 0.0, 0.0, 0.0, 0.0, 0.0, 0.0, 0.0, 0.0, 0.0, 0.0, 0.0, 0.0, 0.0, 0.0, 0.0, 0.0, 0.0, 0.0, 0.0, 0.0, 0.0, 0.0, 0.0, 0.0, 0.0, 0.0, 0.0, 0.0, 0.0, 0.0, 0.0, 0.0, 0.0, 0.0, 0.0, 0.0, 0.0, 0.0, 0.0, 0.0, 0.0, 0.0, 0.0]"
22,250,7,sup,100,100,100,approximate,0.05,T3xT3xT3xT3xT3xT3xT3,MultiGauss0.1,89.844,"[False, False, False, False, False, False, False, False, False, False, False, False, False, False, False, False, False, False, False, False, False, False, False, False, False, False, False, False, False, False, False, False, False, False, False, False, False, False, False, False, False, False, False, False, False, False, False, False, False, False, False, False, False, False, False, False, False, False, False, False, False, False, False, False, False, False, False, False, False, False, False, False, False, False, False, False, False, False, False, False, False, False, False, False, False, False, False, False, False, False, False, False, False, False, False, False, False, False, False, False]","[0.0, 0.0, 0.0, 0.0, 0.0, 0.0, 0.0, 0.0, 0.0, 0.0, 0.0, 0.0, 0.0, 0.0, 0.0, 0.0, 0.0, 0.0, 0.0, 0.0, 0.0, 0.0, 0.0, 0.0, 0.0, 0.0, 0.0, 0.0, 0.0, 0.0, 0.0, 0.0, 0.0, 0.0, 0.0, 0.0, 0.0, 0.0, 0.0, 0.0, 0.0, 0.0, 0.0, 0.0, 0.0, 0.0, 0.0, 0.0, 0.0, 0.0, 0.0, 0.0, 0.0, 0.0, 0.0, 0.0, 0.0, 0.0, 0.0, 0.0, 0.0, 0.0, 0.0, 0.0, 0.0, 0.0, 0.0, 0.0, 0.0, 0.0, 0.0, 0.0, 0.0, 0.0, 0.0, 0.0, 0.0, 0.0, 0.0, 0.0, 0.0, 0.0, 0.0, 0.0, 0.0, 0.0, 0.0, 0.0, 0.0, 0.0, 0.0, 0.0, 0.0, 0.0, 0.0, 0.0, 0.0, 0.0, 0.0, 0.0]"
23,250,7,sup,100,100,100,approximate,0.05,T3xT3xT3xT3xT3xT3xT3,MultiGauss0.5,89.844,"[False, False, False, False, False, False, False, False, False, False, False, False, False, False, False, False, False, False, False, False, False, False, False, False, False, False, False, False, False, False, False, False, False, False, False, False, False, False, False, False, False, False, False, False, False, False, False, False, False, False, False, False, False, False, False, False, False, False, False, False, False, False, False, False, False, False, False, False, False, False, False, False, False, False, False, False, False, False, False, False, False, False, False, False, False, False, False, False, False, False, False, False, False, False, False, False, False, False, False, False]","[0.0, 0.0, 0.0, 0.0, 0.0, 0.0, 0.0, 0.0, 0.0, 0.0, 0.0, 0.0, 0.0, 0.0, 0.0, 0.0, 0.0, 0.0, 0.0, 0.0, 0.0, 0.0, 0.0, 0.0, 0.0, 0.0, 0.0, 0.0, 0.0, 0.0, 0.0, 0.0, 0.0, 0.0, 0.0, 0.0, 0.0, 0.0, 0.0, 0.0, 0.0, 0.0, 0.0, 0.0, 0.0, 0.0, 0.0, 0.0, 0.0, 0.0, 0.0, 0.0, 0.0, 0.0, 0.0, 0.0, 0.0, 0.0, 0.0, 0.0, 0.0, 0.0, 0.0, 0.0, 0.0, 0.0, 0.0, 0.0, 0.0, 0.0, 0.0, 0.0, 0.0, 0.0, 0.0, 0.0, 0.0, 0.0, 0.0, 0.0, 0.0, 0.0, 0.0, 0.0, 0.0, 0.0, 0.0, 0.0, 0.0, 0.0, 0.0, 0.0, 0.0, 0.0, 0.0, 0.0, 0.0, 0.0, 0.0, 0.0]"
24,250,7,sup,100,100,100,approximate,0.05,T3xT3xT3xT3xT3xT3xT3,T3xT3xT3xT3xT3xT3xT3,89.844,"[True, True, True, True, True, True, True, False, False, True, True, True, True, True, False, True, True, True, True, True, True, False, True, True, True, True, True, True, True, True, True, True, True, True, True, True, True, True, True, True, True, True, True, True, True, True, True, True, True, True, True, False, True, True, True, True, True, True, True, True, True, True, True, False, True, True, True, True, True, True, True, True, True, True, True, True, True, True, True, True, True, True, True, True, True, True, True, False, True, True, True, True, True, True, True, True, True, True, True, False]","[0.41, 0.1, 0.06, 0.44, 0.25, 0.8, 0.09, 0.04, 0.05, 0.36, 0.79, 0.91, 0.18, 0.67, 0.05, 0.98, 0.51, 0.85, 0.9, 0.14, 0.63, 0.04, 0.41, 0.7, 0.18, 0.44, 0.1, 0.09, 0.14, 0.11, 0.83, 0.76, 0.72, 0.47, 0.09, 0.85, 0.13, 0.64, 0.37, 0.86, 0.87, 0.86, 0.28, 0.67, 0.7, 0.69, 0.17, 0.77, 0.39, 0.49, 0.69, 0.04, 0.95, 0.1, 0.84, 0.68, 0.37, 0.93, 0.28, 0.19, 0.47, 0.79, 0.38, 0.04, 0.8, 0.1, 0.9, 0.72, 0.85, 0.38, 0.95, 0.57, 0.17, 0.48, 0.12, 0.41, 0.45, 0.27, 0.08, 0.82, 0.52, 0.84, 0.09, 0.68, 0.31, 0.45, 0.63, 0.0, 0.99, 0.98, 0.48, 0.67, 0.8, 0.44, 0.95, 0.24, 0.62, 0.96, 0.3, 0.04]"
25,250,7,sup,100,100,100,approximate,0.05,T3xT3xT3xT3xT3xT3xT3,T5xT5xT5xT5xT5xT5xT5,89.844,"[False, True, False, False, False, True, False, False, True, True, False, False, False, False, False, False, False, True, True, False, False, False, False, False, False, False, False, True, False, False, True, False, True, False, False, False, False, False, False, True, True, False, True, False, False, False, False, True, False, False, False, False, False, False, False, False, True, False, True, False, False, False, False, False, False, False, False, False, False, False, False, False, False, False, False, False, False, False, False, False, False, False, False, False, False, False, False, False, True, False, False, False, False, False, False, False, True, False, False, False]","[0.0, 0.09, 0.0, 0.04, 0.0, 0.09, 0.0, 0.0, 0.1, 0.1, 0.0, 0.04, 0.0, 0.0, 0.0, 0.03, 0.04, 0.09, 0.07, 0.05, 0.0, 0.0, 0.0, 0.0, 0.03, 0.04, 0.04, 0.08, 0.0, 0.04, 0.48, 0.0, 0.09, 0.0, 0.03, 0.0, 0.04, 0.0, 0.0, 0.12, 0.41, 0.03, 0.1, 0.04, 0.0, 0.01, 0.04, 0.08, 0.0, 0.0, 0.0, 0.0, 0.04, 0.0, 0.0, 0.04, 0.09, 0.01, 0.06, 0.0, 0.01, 0.05, 0.04, 0.05, 0.0, 0.04, 0.0, 0.04, 0.0, 0.04, 0.0, 0.0, 0.04, 0.0, 0.04, 0.0, 0.0, 0.0, 0.0, 0.0, 0.0, 0.0, 0.0, 0.0, 0.0, 0.0, 0.0, 0.0, 0.07, 0.0, 0.0, 0.04, 0.0, 0.04, 0.0, 0.0, 0.24, 0.01, 0.0, 0.0]"
26,250,7,sup,100,100,100,approximate,0.05,T3xT3xT3xT3xT3xT3xT3,N01xN01xN01xT5xT5xT5xT5,89.844,"[False, False, False, False, False, False, False, False, False, False, False, False, False, False, False, False, False, False, False, False, False, False, False, False, False, False, False, False, False, False, False, False, False, False, False, False, False, False, False, False, False, False, False, False, False, False, False, False, False, False, False, False, False, False, False, False, False, False, False, False, False, False, False, False, False, False, False, False, False, False, False, False, False, False, False, False, False, False, False, False, False, False, False, False, False, False, False, False, False, False, False, False, False, False, False, False, False, False, False, False]","[0.0, 0.0, 0.0, 0.0, 0.0, 0.0, 0.0, 0.0, 0.0, 0.0, 0.0, 0.0, 0.0, 0.0, 0.0, 0.0, 0.0, 0.0, 0.0, 0.0, 0.0, 0.0, 0.0, 0.0, 0.0, 0.0, 0.0, 0.0, 0.0, 0.0, 0.0, 0.0, 0.0, 0.0, 0.0, 0.0, 0.0, 0.0, 0.0, 0.0, 0.0, 0.0, 0.0, 0.0, 0.0, 0.0, 0.0, 0.0, 0.0, 0.0, 0.0, 0.0, 0.0, 0.0, 0.0, 0.0, 0.0, 0.0, 0.0, 0.0, 0.0, 0.0, 0.0, 0.0, 0.0, 0.0, 0.0, 0.0, 0.0, 0.0, 0.0, 0.0, 0.0, 0.0, 0.0, 0.0, 0.0, 0.0, 0.0, 0.0, 0.0, 0.0, 0.0, 0.0, 0.0, 0.0, 0.0, 0.0, 0.0, 0.0, 0.0, 0.0, 0.0, 0.0, 0.0, 0.0, 0.0, 0.0, 0.0, 0.0]"
27,250,7,sup,100,100,100,approximate,0.05,T3xT3xT3xT3xT3xT3xT3,N01xN01xN01xN01xLapxLapxLap,89.844,"[False, False, False, False, False, False, False, False, False, False, False, False, False, False, False, False, False, False, False, False, False, False, False, False, False, False, False, False, False, False, False, False, False, False, False, False, False, False, False, False, False, False, False, False, False, False, False, False, False, False, False, False, False, False, False, False, False, False, False, False, False, False, False, False, False, False, False, False, False, False, False, False, False, False, False, False, False, False, False, False, False, False, False, False, False, False, False, False, False, False, False, False, False, False, False, False, False, False, False, False]","[0.0, 0.0, 0.0, 0.0, 0.0, 0.0, 0.0, 0.0, 0.0, 0.0, 0.0, 0.0, 0.0, 0.0, 0.0, 0.0, 0.0, 0.0, 0.0, 0.0, 0.0, 0.0, 0.0, 0.0, 0.0, 0.0, 0.0, 0.0, 0.0, 0.0, 0.0, 0.0, 0.0, 0.0, 0.0, 0.0, 0.0, 0.0, 0.0, 0.0, 0.0, 0.0, 0.0, 0.0, 0.0, 0.0, 0.0, 0.0, 0.0, 0.0, 0.0, 0.0, 0.0, 0.0, 0.0, 0.0, 0.0, 0.0, 0.0, 0.0, 0.0, 0.0, 0.0, 0.0, 0.0, 0.0, 0.0, 0.0, 0.0, 0.0, 0.0, 0.0, 0.0, 0.0, 0.0, 0.0, 0.0, 0.0, 0.0, 0.0, 0.0, 0.0, 0.0, 0.0, 0.0, 0.0, 0.0, 0.0, 0.0, 0.0, 0.0, 0.0, 0.0, 0.0, 0.0, 0.0, 0.0, 0.0, 0.0, 0.0]"
28,250,7,sup,100,100,100,approximate,0.05,T5xT5xT5xT5xT5xT5xT5,N01xN01xN01xN01xN01,92.86149999999999,"[False, False, False, False, False, False, False, False, False, False, False, False, False, False, False, False, False, False, False, False, False, False, False, False, False, False, False, False, False, False, False, False, False, False, False, False, False, False, False, False, False, False, False, False, False, False, False, False, False, False, False, False, False, False, False, False, False, False, False, False, False, False, False, False, False, False, False, False, False, False, False, False, False, False, False, False, False, False, False, False, False, False, False, False, False, False, False, False, False, False, False, False, False, False, False, False, False, False, False, False]","[0.0, 0.0, 0.0, 0.0, 0.0, 0.0, 0.0, 0.0, 0.0, 0.0, 0.0, 0.0, 0.0, 0.0, 0.0, 0.0, 0.0, 0.0, 0.0, 0.0, 0.0, 0.0, 0.0, 0.0, 0.0, 0.0, 0.0, 0.0, 0.0, 0.0, 0.0, 0.0, 0.0, 0.0, 0.0, 0.0, 0.0, 0.0, 0.0, 0.0, 0.0, 0.0, 0.0, 0.0, 0.0, 0.0, 0.0, 0.0, 0.0, 0.0, 0.0, 0.0, 0.0, 0.0, 0.0, 0.0, 0.0, 0.0, 0.0, 0.0, 0.0, 0.0, 0.0, 0.0, 0.0, 0.0, 0.0, 0.0, 0.0, 0.0, 0.0, 0.0, 0.0, 0.0, 0.0, 0.0, 0.0, 0.0, 0.0, 0.0, 0.0, 0.0, 0.0, 0.0, 0.0, 0.0, 0.0, 0.0, 0.0, 0.0, 0.0, 0.0, 0.0, 0.0, 0.0, 0.0, 0.0, 0.0, 0.0, 0.0]"
29,250,7,sup,100,100,100,approximate,0.05,T5xT5xT5xT5xT5xT5xT5,MultiGauss0.1,92.86149999999999,"[False, False, False, False, False, False, False, False, False, False, False, False, False, False, False, False, False, False, False, False, False, False, False, False, False, False, False, False, False, False, False, False, False, False, False, False, False, False, False, False, False, False, False, False, False, False, False, False, False, False, False, False, False, False, False, False, False, False, False, False, False, False, False, False, False, False, False, False, False, False, False, False, False, False, False, False, False, False, False, False, False, False, False, False, False, False, False, False, False, False, False, False, False, False, False, False, False, False, False, False]","[0.0, 0.0, 0.0, 0.0, 0.0, 0.0, 0.0, 0.0, 0.0, 0.0, 0.0, 0.0, 0.0, 0.0, 0.0, 0.0, 0.0, 0.0, 0.0, 0.0, 0.0, 0.0, 0.0, 0.0, 0.0, 0.0, 0.0, 0.0, 0.0, 0.0, 0.0, 0.0, 0.0, 0.0, 0.0, 0.0, 0.0, 0.0, 0.0, 0.0, 0.0, 0.0, 0.0, 0.0, 0.0, 0.0, 0.0, 0.0, 0.0, 0.0, 0.0, 0.0, 0.0, 0.0, 0.0, 0.0, 0.0, 0.0, 0.0, 0.0, 0.0, 0.0, 0.0, 0.0, 0.0, 0.0, 0.0, 0.0, 0.0, 0.0, 0.0, 0.0, 0.0, 0.0, 0.0, 0.0, 0.0, 0.0, 0.0, 0.0, 0.0, 0.0, 0.0, 0.0, 0.0, 0.0, 0.0, 0.0, 0.0, 0.0, 0.0, 0.0, 0.0, 0.0, 0.0, 0.0, 0.0, 0.0, 0.0, 0.0]"
30,250,7,sup,100,100,100,approximate,0.05,T5xT5xT5xT5xT5xT5xT5,MultiGauss0.5,92.86149999999999,"[False, False, False, False, False, False, False, False, False, False, False, False, False, False, False, False, False, False, False, False, False, False, False, False, False, False, False, False, False, False, False, False, False, False, False, False, False, False, False, False, False, False, False, False, False, False, False, False, False, False, False, False, False, False, False, False, False, False, False, False, False, False, False, False, False, False, False, False, False, False, False, False, False, False, False, False, False, False, False, False, False, False, False, False, False, False, False, False, False, False, False, False, False, False, False, False, False, False, False, False]","[0.0, 0.0, 0.0, 0.0, 0.0, 0.0, 0.0, 0.0, 0.0, 0.0, 0.0, 0.0, 0.0, 0.0, 0.0, 0.0, 0.0, 0.0, 0.0, 0.0, 0.0, 0.0, 0.0, 0.0, 0.0, 0.0, 0.0, 0.0, 0.0, 0.0, 0.0, 0.0, 0.0, 0.0, 0.0, 0.0, 0.0, 0.0, 0.0, 0.0, 0.0, 0.0, 0.0, 0.0, 0.0, 0.0, 0.0, 0.0, 0.0, 0.0, 0.0, 0.0, 0.0, 0.0, 0.0, 0.0, 0.0, 0.0, 0.0, 0.0, 0.0, 0.0, 0.0, 0.0, 0.0, 0.0, 0.0, 0.0, 0.0, 0.0, 0.0, 0.0, 0.0, 0.0, 0.0, 0.0, 0.0, 0.0, 0.0, 0.0, 0.0, 0.0, 0.0, 0.0, 0.0, 0.0, 0.0, 0.0, 0.0, 0.0, 0.0, 0.0, 0.0, 0.0, 0.0, 0.0, 0.0, 0.0, 0.0, 0.0]"
31,250,7,sup,100,100,100,approximate,0.05,T5xT5xT5xT5xT5xT5xT5,T3xT3xT3xT3xT3xT3xT3,92.86149999999999,"[False, False, False, False, False, False, True, False, True, True, True, False, True, True, False, False, True, False, False, False, True, False, False, True, False, True, False, True, True, False, False, False, True, False, False, False, False, False, False, True, True, True, True, True, False, False, False, False, True, True, False, False, False, False, False, False, False, False, True, False, False, False, False, True, False, False, False, False, True, False, False, False, True, False, False, False, False, True, True, False, False, False, False, True, True, False, False, True, False, False, True, False, False, True, False, False, False, False, False, True]","[0.03, 0.02, 0.0, 0.0, 0.02, 0.02, 0.47, 0.0, 0.29, 0.08, 0.5, 0.02, 0.61, 0.08, 0.05, 0.0, 0.19, 0.01, 0.02, 0.02, 0.19, 0.01, 0.0, 0.07, 0.02, 0.15, 0.0, 0.36, 0.08, 0.02, 0.0, 0.02, 0.07, 0.02, 0.0, 0.01, 0.02, 0.0, 0.02, 0.19, 0.08, 0.21, 0.08, 0.13, 0.0, 0.02, 0.02, 0.02, 0.19, 0.19, 0.01, 0.0, 0.01, 0.0, 0.02, 0.01, 0.02, 0.01, 0.19, 0.0, 0.02, 0.0, 0.02, 0.19, 0.02, 0.05, 0.0, 0.02, 0.31, 0.0, 0.0, 0.0, 0.08, 0.01, 0.02, 0.04, 0.0, 0.05, 0.07, 0.0, 0.0, 0.02, 0.02, 0.16, 0.12, 0.0, 0.02, 0.15, 0.02, 0.0, 0.09, 0.0, 0.02, 0.12, 0.02, 0.0, 0.02, 0.01, 0.02, 0.14]"
32,250,7,sup,100,100,100,approximate,0.05,T5xT5xT5xT5xT5xT5xT5,T5xT5xT5xT5xT5xT5xT5,92.86149999999999,"[True, True, False, False, True, True, True, True, True, True, True, True, True, True, True, True, True, True, True, True, False, True, True, True, False, True, True, True, True, True, True, True, True, True, True, False, True, True, True, True, True, True, True, True, True, True, False, True, True, True, True, True, True, True, True, True, True, True, True, True, True, False, True, True, False, True, True, True, True, True, True, True, True, True, True, True, True, True, True, True, True, True, True, True, True, True, True, True, True, True, True, True, True, True, True, True, True, True, True, True]","[0.25, 0.36, 0.01, 0.04, 0.56, 0.61, 0.86, 0.74, 0.58, 0.97, 0.23, 0.54, 0.62, 0.21, 0.22, 0.81, 0.23, 0.15, 0.94, 0.44, 0.02, 0.15, 0.62, 0.19, 0.0, 0.8, 0.94, 0.46, 0.07, 0.88, 0.52, 0.13, 0.94, 0.87, 0.99, 0.04, 0.81, 0.78, 0.94, 0.46, 0.61, 0.94, 0.51, 0.8, 0.15, 0.19, 0.02, 0.76, 0.45, 0.61, 0.96, 0.07, 0.78, 0.21, 0.42, 0.79, 0.61, 0.67, 0.2, 0.12, 0.77, 0.02, 0.21, 0.88, 0.02, 0.88, 0.96, 0.67, 0.12, 0.23, 0.88, 0.61, 0.55, 0.52, 0.61, 0.44, 0.61, 0.78, 0.61, 0.21, 0.86, 0.76, 0.78, 0.57, 0.81, 0.94, 0.46, 0.64, 0.74, 0.42, 0.22, 0.91, 0.26, 0.08, 0.51, 0.93, 0.47, 0.94, 0.76, 0.26]"
33,250,7,sup,100,100,100,approximate,0.05,T5xT5xT5xT5xT5xT5xT5,N01xN01xN01xT5xT5xT5xT5,92.86149999999999,"[True, True, True, False, True, True, True, False, True, True, True, True, True, True, True, False, False, True, True, False, True, False, True, True, False, True, True, True, False, False, False, True, False, False, False, True, False, False, True, False, False, True, False, True, True, True, True, False, True, True, False, True, False, False, False, True, False, True, False, False, True, True, True, False, False, True, True, False, True, True, True, True, True, True, True, False, True, True, True, True, True, False, True, False, False, True, False, True, True, False, False, True, False, True, True, True, True, False, True, True]","[0.21, 0.22, 0.23, 0.0, 0.29, 0.19, 0.57, 0.02, 0.51, 0.23, 0.29, 0.16, 0.62, 0.15, 0.11, 0.0, 0.0, 0.13, 0.5, 0.02, 0.5, 0.02, 0.65, 0.78, 0.02, 0.23, 0.46, 0.36, 0.02, 0.05, 0.02, 0.62, 0.0, 0.02, 0.05, 0.12, 0.02, 0.02, 0.41, 0.02, 0.05, 0.57, 0.02, 0.61, 0.08, 0.33, 0.33, 0.0, 0.08, 0.19, 0.0, 0.5, 0.0, 0.01, 0.01, 0.42, 0.0, 0.42, 0.02, 0.04, 0.49, 0.07, 0.09, 0.01, 0.03, 0.58, 0.21, 0.02, 0.61, 0.51, 0.72, 0.12, 0.21, 0.29, 0.44, 0.02, 0.12, 0.19, 0.41, 0.21, 0.33, 0.0, 0.33, 0.0, 0.0, 0.08, 0.01, 0.08, 0.51, 0.01, 0.02, 0.11, 0.0, 0.21, 0.94, 0.44, 0.51, 0.0, 0.64, 0.07]"
34,250,7,sup,100,100,100,approximate,0.05,T5xT5xT5xT5xT5xT5xT5,N01xN01xN01xN01xLapxLapxLap,92.86149999999999,"[True, False, True, True, True, True, True, True, True, True, False, False, True, True, False, True, False, False, True, True, True, True, False, True, True, False, False, True, True, True, True, True, True, True, True, True, True, True, False, False, True, False, False, True, True, True, True, True, True, True, True, True, False, True, True, False, True, True, True, True, False, True, True, True, False, True, True, True, False, True, True, True, True, True, True, False, True, True, False, True, True, True, True, True, True, True, True, True, False, False, True, True, True, True, False, True, False, True, False, True]","[0.54, 0.05, 0.56, 0.19, 0.08, 0.1, 0.29, 0.29, 0.35, 0.13, 0.02, 0.0, 0.84, 0.45, 0.05, 0.1, 0.02, 0.04, 0.74, 0.15, 0.39, 0.21, 0.02, 0.75, 0.35, 0.02, 0.0, 0.61, 0.11, 0.21, 0.61, 0.52, 0.94, 0.42, 0.15, 0.92, 0.09, 0.09, 0.0, 0.0, 0.11, 0.0, 0.0, 0.62, 0.14, 0.21, 0.54, 0.46, 0.19, 0.72, 0.31, 0.21, 0.0, 0.96, 0.78, 0.02, 0.21, 0.51, 0.69, 0.27, 0.02, 0.51, 0.13, 0.76, 0.02, 0.07, 0.61, 0.62, 0.0, 0.08, 0.41, 0.44, 0.33, 0.39, 0.21, 0.05, 0.14, 0.72, 0.04, 0.08, 0.67, 0.97, 0.23, 0.08, 0.14, 0.88, 0.15, 0.93, 0.02, 0.04, 0.13, 0.94, 0.22, 0.41, 0.02, 0.41, 0.02, 0.88, 0.02, 0.05]"
35,250,7,sup,100,100,100,approximate,0.05,N01xN01xN01xT5xT5xT5xT5,N01xN01xN01xN01xN01,116.832,"[True, True, False, False, False, True, False, True, True, True, True, False, True, True, False, True, False, True, True, True, False, True, False, True, True, False, False, True, False, True, True, True, True, True, False, True, False, False, False, False, True, True, True, False, True, False, True, False, True, True, False, True, False, False, True, True, False, True, False, False, False, False, False, False, True, False, False, False, False, True, False, False, True, False, False, False, False, False, False, False, False, True, True, True, True, False, True, True, False, True, False, False, False, True, False, False, False, True, False, True]","[0.09, 0.09, 0.0, 0.01, 0.04, 0.09, 0.01, 0.33, 0.07, 0.4, 0.07, 0.02, 0.07, 0.12, 0.0, 0.07, 0.0, 0.12, 0.07, 0.07, 0.01, 0.12, 0.0, 0.37, 0.14, 0.0, 0.02, 0.13, 0.04, 0.14, 0.07, 0.07, 0.07, 0.11, 0.01, 0.1, 0.04, 0.02, 0.01, 0.02, 0.07, 0.07, 0.11, 0.0, 0.12, 0.0, 0.08, 0.01, 0.57, 0.07, 0.0, 0.06, 0.0, 0.01, 0.07, 0.09, 0.05, 0.06, 0.0, 0.0, 0.01, 0.0, 0.02, 0.04, 0.07, 0.01, 0.0, 0.04, 0.02, 0.2, 0.0, 0.02, 0.2, 0.01, 0.02, 0.01, 0.05, 0.01, 0.01, 0.01, 0.0, 0.08, 0.12, 0.07, 0.09, 0.0, 0.09, 0.24, 0.02, 0.08, 0.05, 0.04, 0.03, 0.09, 0.0, 0.02, 0.01, 0.62, 0.0, 0.07]"
36,250,7,sup,100,100,100,approximate,0.05,N01xN01xN01xT5xT5xT5xT5,MultiGauss0.1,116.832,"[False, False, False, False, True, False, False, False, True, True, False, False, True, False, False, True, False, False, True, False, True, False, True, False, False, True, False, True, False, False, True, False, False, False, False, False, False, True, False, False, True, True, False, True, False, False, False, False, False, True, False, False, False, True, True, True, True, False, True, True, False, True, False, False, False, True, False, True, False, False, True, False, False, False, False, False, False, True, True, False, True, False, True, False, False, False, False, False, False, False, False, False, True, True, False, False, True, False, False, False]","[0.02, 0.0, 0.02, 0.0, 0.2, 0.0, 0.0, 0.0, 0.07, 0.07, 0.01, 0.02, 0.06, 0.01, 0.0, 0.09, 0.02, 0.0, 0.2, 0.04, 0.14, 0.0, 0.06, 0.01, 0.01, 0.07, 0.01, 0.06, 0.02, 0.02, 0.07, 0.01, 0.01, 0.02, 0.03, 0.02, 0.01, 0.16, 0.02, 0.0, 0.11, 0.07, 0.01, 0.39, 0.0, 0.04, 0.01, 0.03, 0.01, 0.08, 0.04, 0.0, 0.0, 0.18, 0.07, 0.36, 0.07, 0.01, 0.09, 0.07, 0.02, 0.07, 0.04, 0.01, 0.0, 0.09, 0.04, 0.35, 0.02, 0.0, 0.07, 0.02, 0.01, 0.0, 0.0, 0.0, 0.01, 0.06, 0.07, 0.0, 0.09, 0.02, 0.07, 0.01, 0.05, 0.04, 0.0, 0.02, 0.03, 0.02, 0.0, 0.02, 0.09, 0.07, 0.03, 0.0, 0.12, 0.01, 0.0, 0.02]"
37,250,7,sup,100,100,100,approximate,0.05,N01xN01xN01xT5xT5xT5xT5,MultiGauss0.5,116.832,"[False, False, False, False, False, False, False, False, False, False, False, False, False, False, False, False, False, False, False, False, False, False, False, False, False, False, False, False, False, False, False, False, False, False, False, False, False, False, False, False, False, False, False, False, False, False, False, False, False, False, False, False, False, False, False, False, False, False, False, False, False, False, False, False, False, False, False, False, False, False, False, False, False, False, False, False, False, False, False, False, False, False, False, False, False, False, False, False, False, False, False, False, False, False, False, False, False, False, False, False]","[0.0, 0.0, 0.0, 0.0, 0.0, 0.0, 0.0, 0.0, 0.0, 0.0, 0.0, 0.0, 0.0, 0.0, 0.0, 0.0, 0.0, 0.0, 0.0, 0.0, 0.0, 0.0, 0.0, 0.0, 0.0, 0.0, 0.0, 0.0, 0.0, 0.0, 0.0, 0.0, 0.0, 0.0, 0.0, 0.0, 0.0, 0.0, 0.0, 0.0, 0.0, 0.0, 0.0, 0.0, 0.0, 0.0, 0.0, 0.0, 0.0, 0.0, 0.0, 0.0, 0.0, 0.0, 0.0, 0.0, 0.0, 0.0, 0.0, 0.0, 0.0, 0.0, 0.0, 0.0, 0.0, 0.0, 0.0, 0.0, 0.0, 0.0, 0.0, 0.0, 0.0, 0.0, 0.0, 0.0, 0.0, 0.0, 0.0, 0.0, 0.0, 0.0, 0.0, 0.0, 0.0, 0.0, 0.0, 0.0, 0.0, 0.0, 0.0, 0.0, 0.0, 0.0, 0.0, 0.0, 0.0, 0.0, 0.0, 0.0]"
38,250,7,sup,100,100,100,approximate,0.05,N01xN01xN01xT5xT5xT5xT5,T3xT3xT3xT3xT3xT3xT3,116.832,"[False, True, False, False, False, False, False, True, False, False, False, False, False, False, False, False, False, False, False, False, False, False, False, False, False, False, False, False, False, False, False, False, False, False, False, False, False, False, False, False, False, False, False, False, False, False, False, False, False, False, False, False, False, False, False, False, False, False, True, False, False, False, False, False, False, False, False, False, False, True, False, False, False, False, False, False, False, False, False, False, False, False, False, False, False, False, False, False, False, False, False, False, False, False, False, False, False, False, False, False]","[0.02, 0.07, 0.0, 0.02, 0.01, 0.02, 0.0, 0.09, 0.01, 0.0, 0.0, 0.0, 0.0, 0.0, 0.0, 0.0, 0.0, 0.02, 0.0, 0.01, 0.0, 0.0, 0.0, 0.0, 0.0, 0.0, 0.0, 0.0, 0.0, 0.0, 0.0, 0.0, 0.02, 0.0, 0.0, 0.0, 0.0, 0.02, 0.0, 0.0, 0.0, 0.0, 0.01, 0.0, 0.0, 0.0, 0.02, 0.0, 0.0, 0.0, 0.0, 0.01, 0.0, 0.0, 0.01, 0.0, 0.02, 0.0, 0.09, 0.0, 0.0, 0.0, 0.01, 0.01, 0.02, 0.01, 0.0, 0.02, 0.0, 0.07, 0.02, 0.01, 0.01, 0.0, 0.0, 0.0, 0.02, 0.0, 0.0, 0.02, 0.0, 0.0, 0.0, 0.0, 0.0, 0.01, 0.01, 0.0, 0.0, 0.0, 0.0, 0.0, 0.0, 0.02, 0.0, 0.0, 0.01, 0.01, 0.0, 0.02]"
39,250,7,sup,100,100,100,approximate,0.05,N01xN01xN01xT5xT5xT5xT5,T5xT5xT5xT5xT5xT5xT5,116.832,"[True, True, True, True, True, True, True, True, True, True, True, True, True, True, True, True, True, True, True, True, True, False, True, True, True, True, True, True, True, True, True, True, True, True, True, True, True, True, True, True, True, True, True, True, True, True, True, True, False, True, True, True, True, True, True, True, True, True, True, True, True, True, True, True, True, False, False, True, True, True, True, True, True, True, True, True, True, True, True, True, True, True, True, True, True, True, True, True, True, True, True, True, True, True, False, True, True, True, True, True]","[0.16, 0.09, 0.12, 1.0, 0.15, 0.3, 0.53, 0.47, 0.82, 0.14, 0.29, 0.07, 0.62, 0.64, 0.61, 0.73, 0.19, 0.76, 0.51, 0.28, 0.48, 0.05, 0.15, 0.37, 0.15, 0.52, 0.48, 0.8, 0.29, 0.43, 0.3, 0.15, 0.29, 0.3, 0.15, 0.2, 0.15, 0.5, 0.07, 0.62, 0.37, 0.58, 0.62, 0.07, 0.61, 0.53, 0.15, 0.48, 0.05, 0.9, 0.6, 0.07, 0.09, 0.13, 0.64, 0.8, 0.47, 0.35, 0.09, 0.59, 0.1, 0.09, 0.12, 0.16, 0.12, 0.01, 0.02, 0.18, 0.84, 0.35, 0.2, 0.59, 0.89, 0.82, 0.37, 0.5, 0.38, 0.86, 0.62, 0.11, 0.65, 0.51, 0.36, 0.53, 0.15, 0.43, 0.15, 0.12, 0.07, 0.14, 0.76, 0.14, 0.37, 0.07, 0.02, 0.37, 0.15, 0.2, 0.42, 0.29]"
40,250,7,sup,100,100,100,approximate,0.05,N01xN01xN01xT5xT5xT5xT5,N01xN01xN01xT5xT5xT5xT5,116.832,"[True, True, True, True, True, True, True, True, True, True, True, True, True, True, True, True, True, True, True, True, True, True, True, True, True, True, True, True, True, True, True, True, True, True, True, True, True, True, False, True, True, True, True, True, True, True, True, True, True, True, True, True, True, True, True, True, True, True, True, True, True, True, True, True, True, True, True, True, True, True, True, True, True, True, True, True, True, True, True, True, True, True, True, True, True, True, True, True, True, True, True, True, True, True, True, True, True, True, True, True]","[0.51, 0.85, 0.96, 0.23, 0.09, 0.8, 0.8, 0.26, 0.12, 0.89, 0.92, 0.89, 0.07, 0.1, 0.39, 0.42, 0.59, 0.62, 0.82, 0.2, 0.59, 0.52, 0.92, 0.29, 0.61, 0.35, 0.35, 0.11, 0.32, 0.78, 0.59, 0.95, 0.8, 0.5, 0.15, 0.92, 0.42, 0.09, 0.0, 0.62, 0.15, 0.8, 0.12, 0.65, 0.96, 0.73, 0.96, 0.37, 0.1, 0.64, 0.48, 0.59, 0.65, 0.29, 0.52, 0.73, 0.42, 0.72, 0.6, 0.14, 0.42, 0.83, 0.55, 0.59, 0.75, 0.14, 0.15, 0.62, 0.62, 0.28, 0.76, 0.35, 0.71, 0.63, 0.92, 1.0, 0.92, 0.55, 0.59, 0.35, 0.14, 0.72, 0.58, 0.72, 0.73, 0.8, 0.8, 0.59, 0.96, 0.09, 0.07, 0.68, 0.96, 0.5, 0.89, 0.9, 0.6, 0.12, 0.89, 0.07]"
41,250,7,sup,100,100,100,approximate,0.05,N01xN01xN01xT5xT5xT5xT5,N01xN01xN01xN01xLapxLapxLap,116.832,"[True, True, True, True, True, True, True, True, True, True, True, True, True, True, True, True, True, True, True, True, True, True, True, True, True, True, True, True, True, True, True, True, True, True, True, True, True, True, True, True, True, True, True, True, True, True, True, True, True, True, True, True, True, True, True, True, True, True, True, False, True, True, True, True, True, True, True, True, True, True, True, True, True, True, True, True, True, True, True, True, True, True, True, True, True, True, True, True, True, True, True, True, True, True, True, True, True, True, True, True]","[0.62, 0.29, 0.96, 0.33, 0.07, 0.5, 0.51, 0.82, 0.72, 0.55, 0.72, 0.29, 0.29, 0.62, 0.86, 0.41, 0.62, 0.28, 0.42, 0.12, 0.76, 0.68, 1.0, 0.68, 0.68, 0.8, 0.3, 0.43, 0.8, 0.89, 0.29, 0.76, 0.84, 0.96, 0.57, 0.62, 0.76, 0.3, 0.78, 0.12, 0.13, 0.44, 0.55, 0.37, 0.62, 1.0, 0.58, 0.29, 0.64, 0.8, 1.0, 0.44, 0.12, 0.76, 0.68, 0.56, 0.92, 0.62, 0.57, 0.03, 0.76, 0.28, 0.96, 0.42, 0.32, 0.8, 0.15, 0.89, 0.71, 0.13, 0.6, 0.16, 0.57, 0.42, 0.56, 0.62, 0.96, 0.62, 0.76, 0.72, 0.16, 0.62, 0.73, 0.51, 0.62, 0.29, 0.39, 0.14, 0.59, 0.42, 1.0, 0.57, 0.77, 0.86, 0.71, 0.59, 0.86, 0.15, 0.62, 0.92]"
42,250,7,sup,100,100,100,approximate,0.05,N01xN01xN01xN01xLapxLapxLap,N01xN01xN01xN01xN01,91.4995,"[False, False, False, False, False, False, False, False, True, False, False, False, False, False, False, False, False, False, False, False, False, False, False, False, False, False, False, False, False, False, False, False, False, False, False, False, False, False, False, False, False, False, False, True, False, False, False, False, False, False, False, False, False, False, False, False, False, False, False, False, False, False, False, False, False, False, False, False, False, False, False, False, False, False, False, False, False, False, False, False, False, False, False, False, False, False, False, False, False, False, False, False, False, False, False, False, False, False, False, False]","[0.0, 0.0, 0.02, 0.0, 0.02, 0.0, 0.0, 0.0, 0.15, 0.0, 0.02, 0.0, 0.0, 0.02, 0.01, 0.0, 0.0, 0.0, 0.0, 0.0, 0.03, 0.0, 0.0, 0.0, 0.01, 0.03, 0.0, 0.0, 0.0, 0.0, 0.0, 0.03, 0.0, 0.0, 0.0, 0.0, 0.01, 0.0, 0.0, 0.0, 0.0, 0.0, 0.0, 0.07, 0.03, 0.0, 0.0, 0.0, 0.0, 0.02, 0.0, 0.0, 0.0, 0.03, 0.0, 0.0, 0.0, 0.0, 0.0, 0.02, 0.0, 0.0, 0.02, 0.0, 0.0, 0.0, 0.0, 0.0, 0.0, 0.0, 0.0, 0.0, 0.0, 0.0, 0.0, 0.0, 0.0, 0.0, 0.0, 0.0, 0.0, 0.0, 0.0, 0.0, 0.0, 0.0, 0.0, 0.0, 0.0, 0.02, 0.0, 0.0, 0.02, 0.03, 0.0, 0.0, 0.0, 0.0, 0.0, 0.0]"
43,250,7,sup,100,100,100,approximate,0.05,N01xN01xN01xN01xLapxLapxLap,MultiGauss0.1,91.4995,"[False, False, False, False, False, False, False, False, False, False, False, False, False, False, False, False, False, False, False, False, False, False, False, False, False, True, False, False, False, False, False, False, False, False, False, False, False, False, False, False, False, False, False, False, False, False, False, False, False, False, False, False, False, False, False, False, False, False, False, False, False, False, False, False, False, False, False, False, False, False, False, False, False, False, False, False, False, False, False, False, False, False, False, False, False, False, False, False, False, False, False, False, False, False, False, False, False, False, False, False]","[0.0, 0.0, 0.0, 0.0, 0.0, 0.0, 0.0, 0.03, 0.0, 0.03, 0.0, 0.02, 0.02, 0.0, 0.0, 0.0, 0.0, 0.0, 0.0, 0.0, 0.0, 0.0, 0.0, 0.0, 0.0, 0.15, 0.0, 0.0, 0.0, 0.0, 0.03, 0.0, 0.0, 0.0, 0.0, 0.0, 0.0, 0.0, 0.0, 0.02, 0.0, 0.0, 0.0, 0.0, 0.02, 0.0, 0.0, 0.0, 0.0, 0.0, 0.0, 0.0, 0.0, 0.0, 0.0, 0.0, 0.0, 0.0, 0.0, 0.0, 0.0, 0.01, 0.0, 0.0, 0.01, 0.0, 0.05, 0.0, 0.0, 0.02, 0.0, 0.01, 0.0, 0.0, 0.01, 0.0, 0.0, 0.0, 0.0, 0.0, 0.0, 0.0, 0.0, 0.0, 0.02, 0.0, 0.0, 0.0, 0.0, 0.02, 0.0, 0.02, 0.0, 0.0, 0.0, 0.0, 0.0, 0.02, 0.0, 0.0]"
44,250,7,sup,100,100,100,approximate,0.05,N01xN01xN01xN01xLapxLapxLap,MultiGauss0.5,91.4995,"[False, False, False, False, False, False, False, False, False, False, False, False, False, False, False, False, False, False, False, False, False, False, False, False, False, False, False, False, False, False, False, False, False, False, False, False, False, False, False, False, False, False, False, False, False, False, False, False, False, False, False, False, False, False, False, False, False, False, False, False, False, False, False, False, False, False, False, False, False, False, False, False, False, False, False, False, False, False, False, False, False, False, False, False, False, False, False, False, False, False, False, False, False, False, False, False, False, False, False, False]","[0.0, 0.0, 0.0, 0.0, 0.0, 0.0, 0.0, 0.0, 0.0, 0.0, 0.0, 0.0, 0.0, 0.0, 0.0, 0.0, 0.0, 0.0, 0.0, 0.0, 0.0, 0.0, 0.0, 0.0, 0.0, 0.0, 0.0, 0.0, 0.0, 0.0, 0.0, 0.0, 0.0, 0.0, 0.0, 0.0, 0.0, 0.0, 0.0, 0.0, 0.0, 0.0, 0.0, 0.0, 0.0, 0.0, 0.0, 0.0, 0.0, 0.0, 0.0, 0.0, 0.0, 0.0, 0.0, 0.0, 0.0, 0.0, 0.0, 0.0, 0.0, 0.0, 0.0, 0.0, 0.0, 0.0, 0.0, 0.0, 0.0, 0.0, 0.0, 0.0, 0.0, 0.0, 0.0, 0.0, 0.0, 0.0, 0.0, 0.0, 0.0, 0.0, 0.0, 0.0, 0.0, 0.0, 0.0, 0.0, 0.0, 0.0, 0.0, 0.0, 0.0, 0.0, 0.0, 0.0, 0.0, 0.0, 0.0, 0.0]"
45,250,7,sup,100,100,100,approximate,0.05,N01xN01xN01xN01xLapxLapxLap,T3xT3xT3xT3xT3xT3xT3,91.4995,"[False, False, False, False, False, False, False, False, False, False, False, False, False, False, False, False, False, False, False, False, False, False, False, False, False, False, False, False, False, False, False, False, False, False, False, False, False, False, False, False, False, False, False, False, False, False, False, False, False, False, False, False, False, False, False, False, False, False, False, False, False, False, False, False, False, False, False, False, False, False, False, False, False, False, False, False, False, False, False, False, False, False, False, False, False, False, False, False, False, False, False, False, False, False, False, False, False, False, False, False]","[0.0, 0.0, 0.0, 0.0, 0.0, 0.0, 0.0, 0.0, 0.0, 0.01, 0.0, 0.0, 0.0, 0.0, 0.0, 0.0, 0.0, 0.0, 0.0, 0.0, 0.02, 0.0, 0.0, 0.0, 0.0, 0.0, 0.0, 0.0, 0.0, 0.0, 0.0, 0.0, 0.0, 0.0, 0.0, 0.0, 0.0, 0.0, 0.0, 0.0, 0.0, 0.0, 0.0, 0.0, 0.0, 0.0, 0.0, 0.0, 0.0, 0.0, 0.0, 0.0, 0.0, 0.0, 0.0, 0.0, 0.0, 0.0, 0.0, 0.0, 0.0, 0.0, 0.0, 0.0, 0.0, 0.0, 0.0, 0.0, 0.0, 0.0, 0.0, 0.0, 0.0, 0.0, 0.0, 0.0, 0.0, 0.0, 0.0, 0.0, 0.0, 0.0, 0.0, 0.0, 0.0, 0.0, 0.0, 0.0, 0.0, 0.03, 0.0, 0.0, 0.0, 0.0, 0.0, 0.0, 0.0, 0.0, 0.0, 0.0]"
46,250,7,sup,100,100,100,approximate,0.05,N01xN01xN01xN01xLapxLapxLap,T5xT5xT5xT5xT5xT5xT5,91.4995,"[True, True, True, False, True, True, True, True, False, True, True, True, True, False, False, True, True, True, True, True, True, True, True, True, True, True, True, False, True, False, True, False, True, True, True, False, True, True, True, True, False, True, False, True, True, True, True, True, True, True, False, False, True, True, True, False, True, True, True, False, True, True, False, False, True, True, False, True, True, True, True, True, True, False, True, True, True, True, False, True, True, False, True, True, True, True, True, False, True, True, True, True, False, True, False, True, True, True, True, True]","[0.06, 0.47, 0.19, 0.02, 0.79, 0.11, 0.06, 0.38, 0.03, 0.23, 0.23, 0.35, 0.28, 0.02, 0.03, 0.39, 0.07, 0.07, 0.29, 0.14, 0.15, 0.29, 0.31, 0.14, 0.76, 0.1, 0.19, 0.03, 0.06, 0.01, 0.32, 0.03, 0.39, 0.11, 0.29, 0.03, 0.53, 0.07, 0.21, 0.27, 0.0, 0.26, 0.0, 0.15, 0.07, 0.49, 0.21, 0.21, 0.59, 0.21, 0.0, 0.05, 0.47, 0.39, 0.2, 0.0, 0.58, 0.21, 0.35, 0.03, 0.16, 0.34, 0.02, 0.0, 0.23, 0.47, 0.02, 0.21, 0.32, 0.17, 0.53, 0.38, 0.62, 0.02, 0.17, 0.32, 0.47, 0.34, 0.02, 0.12, 0.48, 0.0, 0.21, 0.21, 0.86, 0.68, 0.77, 0.03, 0.27, 0.29, 0.17, 0.47, 0.0, 0.26, 0.03, 0.66, 0.35, 0.53, 0.17, 0.52]"
47,250,7,sup,100,100,100,approximate,0.05,N01xN01xN01xN01xLapxLapxLap,N01xN01xN01xT5xT5xT5xT5,91.4995,"[True, True, True, True, True, True, True, True, True, True, True, True, True, True, True, True, True, True, True, False, True, True, True, True, True, True, False, True, False, True, False, True, True, True, True, False, False, True, True, False, True, True, True, True, False, True, False, True, True, True, True, True, True, True, True, True, True, False, True, True, True, True, False, True, True, True, True, True, True, True, True, True, True, True, True, True, True, True, True, True, False, True, True, True, True, False, True, False, True, True, True, False, True, True, True, True, True, True, True, True]","[0.16, 0.58, 0.52, 0.35, 0.76, 0.82, 0.66, 0.28, 0.39, 0.28, 0.15, 0.1, 0.74, 0.29, 0.48, 0.19, 0.15, 0.65, 0.39, 0.05, 0.28, 0.29, 0.38, 0.67, 0.17, 0.23, 0.0, 0.23, 0.03, 0.17, 0.03, 0.68, 0.65, 0.39, 0.23, 0.0, 0.05, 0.29, 0.88, 0.0, 0.07, 0.29, 0.39, 0.09, 0.0, 0.67, 0.03, 0.89, 0.23, 0.29, 0.68, 0.25, 0.68, 0.67, 0.65, 0.29, 0.65, 0.0, 0.35, 0.99, 0.39, 0.3, 0.03, 0.82, 0.65, 0.53, 0.23, 0.97, 0.18, 0.29, 0.66, 0.25, 0.68, 0.58, 0.65, 0.41, 0.69, 0.79, 0.44, 0.21, 0.03, 0.79, 0.07, 0.69, 0.74, 0.01, 0.23, 0.03, 0.26, 0.21, 0.35, 0.02, 0.57, 0.79, 0.11, 0.88, 0.07, 0.32, 0.65, 0.07]"
48,250,7,sup,100,100,100,approximate,0.05,N01xN01xN01xN01xLapxLapxLap,N01xN01xN01xN01xLapxLapxLap,91.4995,"[True, True, True, True, True, True, True, True, True, True, True, True, True, True, True, True, False, True, False, True, True, False, True, False, False, True, True, True, True, True, True, True, True, True, True, True, False, True, True, True, True, True, True, False, True, True, True, True, True, True, True, False, True, True, True, True, True, True, True, True, True, True, True, True, True, True, False, True, True, True, True, True, False, True, True, True, True, True, True, True, True, True, True, True, True, True, False, True, True, False, True, False, True, True, True, True, True, True, True, True]","[0.69, 0.79, 0.29, 0.29, 0.82, 0.92, 0.36, 0.28, 0.23, 0.99, 0.35, 0.67, 0.44, 0.34, 0.56, 0.76, 0.0, 0.65, 0.02, 0.92, 0.88, 0.03, 0.15, 0.03, 0.03, 0.44, 0.83, 0.65, 0.29, 0.98, 0.69, 0.38, 0.32, 0.17, 0.67, 0.21, 0.04, 0.52, 0.56, 0.42, 0.15, 0.21, 0.07, 0.04, 0.23, 0.17, 0.53, 0.65, 0.35, 0.57, 0.21, 0.02, 0.63, 0.76, 0.85, 0.76, 0.69, 0.26, 0.26, 0.69, 0.2, 0.16, 0.97, 0.74, 0.89, 0.62, 0.02, 0.98, 0.21, 0.41, 0.39, 0.21, 0.03, 0.38, 0.65, 0.84, 0.15, 0.59, 0.21, 0.2, 0.07, 0.56, 0.23, 1.0, 0.67, 0.3, 0.03, 0.52, 0.98, 0.03, 0.39, 0.03, 0.31, 0.11, 0.34, 0.54, 0.52, 0.17, 0.68, 0.65]"
