,n,dim,norm,n_signature,n_test,M,method,significance_level,true_dist,alter_dist,threshold,accpect_h0,pvals
0,100,7,sup,100,100,100,approximate,0.05,N01xN01xN01xN01xN01,N01xN01xN01xN01xN01,55.81349999999997,"[True, True, True, True, True, False, True, True, True, True, True, False, False, True, True, True, True, True, True, True, True, True, True, True, True, True, True, True, True, True, False, True, False, True, True, True, True, True, True, True, True, True, False, False, True, True, True, False, True, True, True, True, True, True, True, True, True, True, True, True, True, True, True, True, True, True, True, True, False, True, True, True, True, True, True, True, True, True, True, True, True, True, True, True, False, True, True, True, True, True, True, False, True, True, True, True, False, True, True, True]","[0.22, 0.44, 0.29, 0.83, 0.78, 0.03, 0.22, 0.91, 0.24, 0.56, 0.52, 0.05, 0.05, 0.44, 0.31, 0.78, 0.83, 0.69, 0.09, 0.56, 0.83, 0.85, 0.44, 0.21, 0.17, 0.82, 0.31, 0.56, 0.96, 0.56, 0.05, 0.15, 0.05, 0.48, 0.83, 0.33, 0.64, 0.15, 0.9, 0.48, 0.31, 0.51, 0.01, 0.05, 0.5, 0.56, 0.8, 0.05, 0.51, 0.23, 0.78, 0.23, 0.12, 0.41, 0.71, 0.77, 0.17, 0.78, 0.78, 0.59, 0.39, 0.21, 0.13, 0.77, 0.05, 0.29, 0.26, 0.83, 0.05, 0.29, 0.48, 0.31, 0.59, 0.73, 0.52, 0.23, 0.59, 0.47, 0.12, 0.48, 0.51, 0.57, 0.29, 0.9, 0.05, 0.22, 0.99, 0.88, 0.15, 0.59, 0.12, 0.0, 0.44, 0.82, 0.39, 0.97, 0.05, 0.49, 0.77, 0.71]"
1,100,7,sup,100,100,100,approximate,0.05,N01xN01xN01xN01xN01,MultiGauss0.1,55.81349999999997,"[True, True, True, True, True, True, True, True, True, True, True, True, True, True, True, True, False, True, True, True, True, True, True, True, True, True, True, True, True, True, True, True, True, True, True, True, True, True, True, True, True, True, True, True, True, True, True, True, True, True, True, True, True, True, True, True, True, True, True, False, True, True, True, True, True, True, True, False, True, True, True, True, True, True, True, True, False, True, True, True, True, True, True, True, True, True, True, True, True, True, True, True, True, True, True, False, True, True, True, True]","[0.17, 0.35, 0.52, 0.52, 0.33, 0.83, 0.37, 0.78, 0.65, 0.73, 0.96, 0.29, 0.79, 0.96, 0.85, 0.53, 0.05, 0.44, 0.33, 0.28, 0.77, 0.83, 0.45, 0.94, 0.71, 0.26, 0.45, 0.21, 0.29, 0.45, 0.95, 0.96, 0.82, 0.96, 0.21, 0.44, 0.52, 0.73, 0.22, 0.73, 0.65, 0.23, 0.55, 0.44, 0.9, 0.78, 0.1, 0.21, 0.52, 0.56, 0.22, 0.9, 0.9, 0.77, 0.88, 0.68, 0.47, 0.17, 0.73, 0.05, 0.51, 0.71, 0.82, 0.15, 0.05, 0.77, 0.44, 0.05, 0.53, 0.32, 0.29, 0.44, 0.79, 0.59, 0.12, 0.83, 0.05, 0.83, 0.77, 0.66, 0.15, 0.95, 0.77, 0.96, 0.07, 0.05, 0.7, 0.71, 0.88, 0.68, 0.29, 0.82, 0.15, 0.23, 0.83, 0.05, 0.96, 0.71, 0.26, 0.38]"
2,100,7,sup,100,100,100,approximate,0.05,N01xN01xN01xN01xN01,MultiGauss0.5,55.81349999999997,"[True, False, False, False, False, False, False, False, False, False, True, True, True, False, False, False, False, False, False, False, False, False, False, False, True, False, True, False, False, False, False, False, True, False, False, False, False, False, False, False, False, False, False, False, False, False, False, False, False, False, False, False, False, False, False, False, False, False, False, False, False, False, False, False, False, False, False, True, False, False, False, False, True, False, False, True, False, False, False, False, True, False, False, True, False, False, False, True, False, False, True, False, False, False, False, False, False, True, False, False]","[0.07, 0.04, 0.02, 0.0, 0.05, 0.0, 0.0, 0.0, 0.0, 0.0, 0.15, 0.17, 0.13, 0.0, 0.04, 0.0, 0.0, 0.05, 0.0, 0.02, 0.01, 0.0, 0.05, 0.05, 0.21, 0.05, 0.17, 0.0, 0.0, 0.05, 0.02, 0.05, 0.09, 0.02, 0.02, 0.0, 0.05, 0.0, 0.0, 0.03, 0.05, 0.0, 0.0, 0.0, 0.04, 0.05, 0.03, 0.05, 0.03, 0.0, 0.0, 0.0, 0.02, 0.0, 0.03, 0.05, 0.05, 0.03, 0.03, 0.04, 0.0, 0.04, 0.0, 0.05, 0.0, 0.0, 0.04, 0.31, 0.05, 0.01, 0.0, 0.0, 0.11, 0.01, 0.0, 0.22, 0.0, 0.02, 0.0, 0.01, 0.12, 0.0, 0.04, 0.12, 0.0, 0.0, 0.0, 0.06, 0.02, 0.0, 0.12, 0.0, 0.05, 0.03, 0.0, 0.0, 0.0, 0.21, 0.05, 0.0]"
3,100,7,sup,100,100,100,approximate,0.05,N01xN01xN01xN01xN01,T3xT3xT3xT3xT3xT3xT3,55.81349999999997,"[False, False, False, False, False, False, False, False, False, False, False, False, False, False, False, False, False, False, False, False, False, False, False, False, False, False, False, False, False, False, False, False, False, False, False, False, False, False, False, False, False, False, False, False, False, False, False, False, False, False, False, False, False, False, False, False, False, False, False, False, False, False, False, False, False, False, False, False, False, False, False, False, False, False, False, False, False, False, False, False, False, False, False, False, False, False, False, False, False, False, False, False, False, False, False, False, False, False, False, False]","[0.0, 0.03, 0.0, 0.0, 0.0, 0.05, 0.0, 0.0, 0.0, 0.0, 0.0, 0.0, 0.0, 0.0, 0.0, 0.0, 0.0, 0.0, 0.0, 0.0, 0.0, 0.0, 0.0, 0.0, 0.0, 0.0, 0.0, 0.0, 0.0, 0.01, 0.0, 0.0, 0.0, 0.0, 0.0, 0.0, 0.0, 0.0, 0.0, 0.0, 0.0, 0.0, 0.0, 0.0, 0.0, 0.0, 0.0, 0.0, 0.0, 0.0, 0.0, 0.0, 0.0, 0.0, 0.0, 0.0, 0.0, 0.0, 0.0, 0.0, 0.0, 0.0, 0.0, 0.0, 0.0, 0.0, 0.0, 0.0, 0.0, 0.0, 0.0, 0.0, 0.0, 0.0, 0.03, 0.0, 0.0, 0.0, 0.0, 0.0, 0.0, 0.0, 0.0, 0.0, 0.0, 0.0, 0.0, 0.0, 0.0, 0.0, 0.0, 0.0, 0.0, 0.0, 0.0, 0.0, 0.03, 0.0, 0.0, 0.0]"
4,100,7,sup,100,100,100,approximate,0.05,N01xN01xN01xN01xN01,T5xT5xT5xT5xT5xT5xT5,55.81349999999997,"[False, False, True, False, False, False, True, True, True, False, False, False, False, False, False, False, True, False, False, False, False, False, False, False, True, False, False, False, True, False, False, False, False, False, False, False, False, False, False, True, False, False, False, False, False, False, True, False, False, True, False, False, False, False, True, False, False, False, False, False, True, True, False, False, False, False, False, False, False, False, False, False, True, False, False, False, False, False, True, False, False, False, True, False, True, True, False, False, False, False, False, True, False, False, True, False, True, False, True, False]","[0.05, 0.05, 0.23, 0.03, 0.0, 0.0, 0.12, 0.12, 0.12, 0.05, 0.05, 0.05, 0.03, 0.05, 0.04, 0.04, 0.23, 0.05, 0.05, 0.05, 0.0, 0.05, 0.04, 0.0, 0.06, 0.05, 0.0, 0.04, 0.13, 0.05, 0.0, 0.05, 0.02, 0.05, 0.05, 0.0, 0.05, 0.0, 0.03, 0.17, 0.05, 0.05, 0.03, 0.05, 0.05, 0.05, 0.08, 0.0, 0.05, 0.09, 0.0, 0.01, 0.0, 0.05, 0.21, 0.05, 0.0, 0.0, 0.04, 0.05, 0.07, 0.12, 0.02, 0.0, 0.05, 0.05, 0.04, 0.0, 0.0, 0.05, 0.0, 0.05, 0.12, 0.02, 0.02, 0.03, 0.03, 0.02, 0.28, 0.05, 0.05, 0.05, 0.08, 0.03, 0.12, 0.06, 0.05, 0.05, 0.0, 0.05, 0.03, 0.18, 0.05, 0.0, 0.05, 0.05, 0.12, 0.05, 0.13, 0.02]"
5,100,7,sup,100,100,100,approximate,0.05,N01xN01xN01xN01xN01,N01xN01xN01xT5xT5xT5xT5,55.81349999999997,"[True, True, True, True, True, True, True, False, True, True, True, True, False, True, True, True, True, True, False, True, True, True, True, True, True, True, True, True, True, True, False, True, True, False, False, True, True, True, False, True, False, True, True, True, False, True, True, True, True, True, False, False, True, True, True, True, True, False, True, True, False, True, True, True, False, True, True, True, True, True, False, True, True, False, True, True, True, False, True, False, False, True, True, False, True, True, True, True, False, False, True, False, True, True, True, True, True, True, True, True]","[0.49, 0.41, 0.41, 0.17, 0.27, 0.39, 0.29, 0.05, 0.3, 0.36, 0.21, 0.68, 0.05, 0.36, 0.21, 0.32, 0.11, 0.51, 0.05, 0.47, 0.13, 0.42, 0.23, 0.13, 0.36, 0.29, 0.31, 0.71, 0.12, 0.48, 0.05, 0.12, 0.14, 0.05, 0.05, 0.12, 0.22, 0.17, 0.05, 0.41, 0.05, 0.17, 0.22, 0.23, 0.05, 0.51, 0.37, 0.31, 0.71, 0.31, 0.05, 0.05, 0.17, 0.17, 0.06, 0.22, 0.15, 0.05, 0.51, 0.12, 0.05, 0.29, 0.47, 0.36, 0.05, 0.69, 0.51, 0.15, 0.22, 0.51, 0.04, 0.29, 0.21, 0.05, 0.21, 0.13, 0.52, 0.05, 0.17, 0.05, 0.05, 0.24, 0.23, 0.05, 0.83, 0.31, 0.23, 0.12, 0.05, 0.05, 0.36, 0.03, 0.31, 0.29, 0.17, 0.06, 0.19, 0.28, 0.06, 0.22]"
6,100,7,sup,100,100,100,approximate,0.05,N01xN01xN01xN01xN01,N01xN01xN01xN01xLapxLapxLap,55.81349999999997,"[True, False, False, False, True, True, False, True, True, True, True, False, True, True, True, True, False, True, True, True, True, True, True, True, True, True, True, True, True, True, False, False, True, False, True, True, True, True, False, True, True, True, True, True, True, True, False, False, True, True, False, True, True, False, True, True, True, True, True, False, False, True, True, True, False, False, True, True, True, False, True, True, False, True, True, False, True, True, True, True, True, True, True, True, True, True, True, True, True, True, True, True, True, False, False, True, True, False, True, True]","[0.23, 0.05, 0.05, 0.05, 0.32, 0.47, 0.02, 0.39, 0.15, 0.33, 0.06, 0.05, 0.25, 0.05, 0.38, 0.29, 0.05, 0.15, 0.38, 0.06, 0.17, 0.13, 0.25, 0.22, 0.29, 0.13, 0.26, 0.71, 0.23, 0.12, 0.05, 0.05, 0.17, 0.05, 0.06, 0.45, 0.33, 0.36, 0.05, 0.06, 0.15, 0.44, 0.44, 0.07, 0.24, 0.16, 0.05, 0.05, 0.44, 0.22, 0.04, 0.21, 0.37, 0.03, 0.59, 0.31, 0.51, 0.38, 0.07, 0.05, 0.05, 0.29, 0.06, 0.13, 0.05, 0.05, 0.28, 0.05, 0.13, 0.05, 0.36, 0.21, 0.04, 0.13, 0.33, 0.05, 0.17, 0.56, 0.83, 0.06, 0.22, 0.45, 0.21, 0.23, 0.15, 0.28, 0.22, 0.15, 0.07, 0.13, 0.29, 0.29, 0.52, 0.05, 0.05, 0.51, 0.05, 0.03, 0.51, 0.96]"
7,100,7,sup,100,100,100,approximate,0.05,MultiGauss0.1,N01xN01xN01xN01xN01,57.4825,"[True, True, True, True, True, True, True, False, True, True, True, True, True, True, True, True, True, True, True, True, True, True, True, True, True, True, True, True, True, False, True, True, True, True, True, True, True, True, True, True, True, True, True, True, True, True, True, True, True, True, True, True, True, True, True, True, True, True, True, False, True, True, True, False, True, True, True, True, True, True, True, True, True, True, True, True, True, True, True, True, True, True, True, True, True, True, False, True, True, True, True, True, True, True, True, True, False, True, True, True]","[0.19, 0.19, 0.65, 0.82, 0.59, 0.52, 0.89, 0.03, 0.18, 0.66, 0.08, 0.16, 0.07, 0.85, 0.35, 0.29, 0.88, 0.85, 0.65, 0.1, 0.92, 0.92, 0.11, 0.77, 0.15, 0.1, 0.85, 0.35, 0.4, 0.01, 0.93, 0.92, 0.37, 0.59, 0.27, 0.08, 0.27, 0.89, 0.06, 0.88, 0.63, 0.58, 0.43, 0.85, 0.88, 0.94, 0.34, 0.08, 0.93, 0.29, 0.62, 0.88, 0.52, 0.07, 0.51, 0.48, 0.86, 0.8, 0.81, 0.0, 0.33, 0.4, 0.32, 0.01, 0.95, 0.57, 0.89, 0.54, 0.76, 0.85, 0.32, 0.52, 0.32, 0.32, 0.92, 0.52, 0.26, 0.69, 0.79, 0.1, 0.75, 0.32, 0.4, 0.32, 0.81, 0.07, 0.05, 0.94, 0.17, 0.86, 0.78, 0.67, 0.88, 0.27, 0.28, 0.27, 0.03, 0.68, 0.89, 0.34]"
8,100,7,sup,100,100,100,approximate,0.05,MultiGauss0.1,MultiGauss0.1,57.4825,"[True, True, True, True, True, True, True, True, True, True, True, True, True, True, True, True, True, True, True, True, True, True, True, True, True, True, True, True, True, True, True, True, True, True, True, True, True, True, True, True, True, True, False, True, True, True, True, True, True, True, True, True, True, True, True, True, True, True, True, True, False, True, True, True, True, True, True, True, True, True, True, True, True, True, True, True, True, True, True, True, True, True, True, True, True, True, True, True, True, True, True, True, True, True, True, True, True, True, True, True]","[0.14, 0.74, 0.62, 0.58, 0.95, 0.52, 0.92, 0.96, 0.77, 0.67, 0.88, 0.95, 0.88, 0.11, 0.82, 0.71, 0.79, 0.27, 0.15, 0.28, 0.81, 0.57, 0.27, 0.27, 0.65, 0.48, 0.85, 0.61, 0.76, 0.61, 0.62, 0.95, 0.06, 0.59, 0.34, 0.61, 0.8, 0.08, 0.7, 0.94, 0.76, 0.4, 0.04, 0.94, 0.95, 0.97, 0.67, 0.88, 0.86, 0.32, 0.77, 0.67, 0.88, 0.52, 0.61, 0.85, 0.68, 0.21, 0.48, 0.8, 0.0, 0.27, 0.89, 0.29, 0.66, 0.62, 0.47, 0.07, 0.94, 0.19, 0.5, 0.7, 0.79, 0.27, 0.77, 0.29, 0.71, 0.94, 0.94, 0.72, 0.8, 0.67, 0.07, 0.97, 0.35, 0.92, 0.52, 0.32, 0.84, 0.61, 0.06, 0.68, 0.81, 0.14, 0.68, 0.8, 0.81, 0.15, 0.27, 0.92]"
9,100,7,sup,100,100,100,approximate,0.05,MultiGauss0.1,MultiGauss0.5,57.4825,"[False, False, False, True, False, True, True, True, False, False, True, False, True, False, True, True, True, False, False, False, False, False, True, False, False, False, False, False, False, False, False, False, False, False, False, False, False, True, False, False, False, False, True, True, False, True, False, False, True, False, False, True, False, False, False, False, False, False, False, False, False, False, False, False, True, False, False, False, False, False, True, False, True, True, True, True, True, False, True, False, True, False, False, False, False, False, False, False, False, False, True, False, True, True, False, False, False, True, True, False]","[0.0, 0.04, 0.05, 0.27, 0.0, 0.1, 0.06, 0.06, 0.01, 0.04, 0.1, 0.04, 0.07, 0.0, 0.07, 0.06, 0.06, 0.0, 0.0, 0.03, 0.0, 0.03, 0.08, 0.03, 0.01, 0.05, 0.05, 0.02, 0.0, 0.01, 0.04, 0.05, 0.0, 0.0, 0.01, 0.01, 0.0, 0.07, 0.0, 0.04, 0.0, 0.03, 0.14, 0.1, 0.02, 0.08, 0.0, 0.03, 0.17, 0.0, 0.0, 0.14, 0.04, 0.01, 0.01, 0.01, 0.04, 0.03, 0.04, 0.04, 0.0, 0.0, 0.01, 0.01, 0.06, 0.01, 0.03, 0.0, 0.01, 0.0, 0.14, 0.0, 0.1, 0.13, 0.13, 0.06, 0.14, 0.01, 0.1, 0.01, 0.27, 0.01, 0.0, 0.0, 0.0, 0.01, 0.0, 0.0, 0.03, 0.01, 0.06, 0.04, 0.06, 0.06, 0.01, 0.0, 0.04, 0.25, 0.06, 0.0]"
10,100,7,sup,100,100,100,approximate,0.05,MultiGauss0.1,T3xT3xT3xT3xT3xT3xT3,57.4825,"[False, False, False, False, False, False, False, False, False, False, False, False, False, False, False, False, False, False, False, False, False, False, False, False, False, False, False, False, False, False, False, False, False, False, False, False, False, False, False, False, False, False, False, False, False, False, False, False, False, False, False, False, False, False, False, False, False, False, False, False, False, False, False, False, False, False, False, False, False, False, False, False, False, False, False, False, False, False, False, False, False, False, False, False, False, False, False, False, False, False, False, False, False, False, False, False, False, False, False, False]","[0.0, 0.0, 0.0, 0.0, 0.0, 0.0, 0.0, 0.0, 0.0, 0.0, 0.0, 0.0, 0.0, 0.03, 0.0, 0.0, 0.0, 0.0, 0.0, 0.0, 0.0, 0.0, 0.0, 0.0, 0.0, 0.0, 0.0, 0.0, 0.0, 0.0, 0.0, 0.0, 0.0, 0.0, 0.0, 0.0, 0.01, 0.0, 0.0, 0.0, 0.0, 0.0, 0.0, 0.0, 0.0, 0.0, 0.0, 0.0, 0.0, 0.0, 0.0, 0.0, 0.0, 0.0, 0.0, 0.0, 0.0, 0.0, 0.0, 0.0, 0.0, 0.0, 0.0, 0.0, 0.0, 0.0, 0.0, 0.0, 0.0, 0.0, 0.0, 0.0, 0.0, 0.0, 0.0, 0.0, 0.0, 0.0, 0.0, 0.0, 0.0, 0.0, 0.0, 0.0, 0.0, 0.0, 0.0, 0.0, 0.0, 0.0, 0.0, 0.0, 0.0, 0.0, 0.0, 0.0, 0.0, 0.0, 0.0, 0.0]"
11,100,7,sup,100,100,100,approximate,0.05,MultiGauss0.1,T5xT5xT5xT5xT5xT5xT5,57.4825,"[False, False, False, False, False, False, False, True, False, False, False, False, False, False, True, False, False, False, False, True, False, True, False, True, False, False, False, False, False, False, True, False, True, False, True, False, False, False, False, False, False, False, True, True, True, False, False, False, False, False, True, False, False, True, False, False, True, True, False, False, False, False, False, False, True, False, False, False, False, True, False, False, True, True, True, False, False, False, True, False, False, False, False, False, False, False, False, True, True, False, False, True, False, False, False, False, True, False, False, True]","[0.0, 0.0, 0.0, 0.0, 0.01, 0.0, 0.0, 0.07, 0.04, 0.04, 0.04, 0.0, 0.0, 0.04, 0.82, 0.0, 0.0, 0.03, 0.0, 0.11, 0.0, 0.06, 0.0, 0.21, 0.02, 0.05, 0.0, 0.05, 0.01, 0.0, 0.07, 0.01, 0.06, 0.01, 0.08, 0.01, 0.0, 0.03, 0.0, 0.0, 0.02, 0.0, 0.06, 0.06, 0.07, 0.0, 0.01, 0.0, 0.04, 0.04, 0.08, 0.04, 0.04, 0.11, 0.0, 0.03, 0.07, 0.1, 0.04, 0.0, 0.04, 0.01, 0.03, 0.01, 0.08, 0.03, 0.0, 0.01, 0.0, 0.41, 0.03, 0.04, 0.06, 0.28, 0.27, 0.04, 0.0, 0.03, 0.06, 0.04, 0.0, 0.04, 0.04, 0.05, 0.01, 0.0, 0.0, 0.1, 0.34, 0.04, 0.0, 0.06, 0.0, 0.0, 0.0, 0.04, 0.06, 0.0, 0.05, 0.14]"
12,100,7,sup,100,100,100,approximate,0.05,MultiGauss0.1,N01xN01xN01xT5xT5xT5xT5,57.4825,"[True, True, True, True, False, False, False, True, False, True, True, False, False, True, True, True, True, True, True, True, True, False, True, False, True, True, True, True, True, True, False, True, True, True, False, True, True, True, False, True, True, True, True, True, True, True, True, False, True, True, True, False, False, False, True, True, True, True, False, True, True, True, True, True, True, True, True, True, False, True, False, True, True, True, True, False, False, True, False, False, True, True, True, True, True, True, True, True, True, True, True, True, True, True, True, False, True, False, True, True]","[0.38, 0.29, 0.35, 0.24, 0.03, 0.03, 0.0, 0.81, 0.03, 0.14, 0.54, 0.01, 0.03, 0.07, 0.07, 0.25, 0.18, 0.1, 0.1, 0.35, 0.21, 0.04, 0.17, 0.04, 0.13, 0.29, 0.06, 0.06, 0.8, 0.33, 0.0, 0.33, 0.32, 0.27, 0.04, 0.11, 0.06, 0.64, 0.04, 0.27, 0.72, 0.51, 0.52, 0.32, 0.06, 0.14, 0.08, 0.04, 0.22, 0.22, 0.06, 0.05, 0.04, 0.01, 0.06, 0.06, 0.11, 0.17, 0.01, 0.07, 0.49, 0.16, 0.19, 0.07, 0.37, 0.24, 0.15, 0.54, 0.01, 0.52, 0.04, 0.89, 0.92, 0.29, 0.36, 0.05, 0.03, 0.12, 0.0, 0.01, 0.22, 0.11, 0.15, 0.06, 0.27, 0.11, 0.52, 0.26, 0.68, 0.07, 0.99, 0.34, 0.08, 0.62, 0.11, 0.04, 0.65, 0.0, 0.24, 0.1]"
13,100,7,sup,100,100,100,approximate,0.05,MultiGauss0.1,N01xN01xN01xN01xLapxLapxLap,57.4825,"[True, False, False, True, True, True, True, True, True, True, False, True, True, False, True, True, True, True, True, False, True, False, True, False, True, True, True, True, True, True, False, True, True, True, True, True, True, False, True, False, False, True, True, False, True, True, False, True, False, True, True, False, True, False, False, True, True, True, True, True, False, True, True, False, True, True, True, True, True, False, False, True, True, True, True, True, True, True, True, True, True, True, True, True, False, True, True, False, True, False, False, False, True, True, True, True, True, True, True, True]","[0.08, 0.04, 0.05, 0.08, 0.22, 0.84, 0.47, 0.17, 0.32, 0.27, 0.03, 0.14, 0.35, 0.04, 0.18, 0.21, 0.14, 0.17, 0.61, 0.05, 0.39, 0.02, 0.41, 0.01, 0.66, 0.27, 0.1, 0.06, 0.06, 0.1, 0.0, 0.88, 0.34, 0.64, 0.08, 0.94, 0.06, 0.04, 0.21, 0.05, 0.01, 0.82, 0.28, 0.0, 0.15, 0.21, 0.0, 0.1, 0.01, 0.18, 0.31, 0.04, 0.06, 0.05, 0.01, 0.14, 0.06, 0.07, 0.11, 0.06, 0.01, 0.66, 0.42, 0.03, 0.32, 0.33, 0.37, 0.1, 0.68, 0.04, 0.0, 0.3, 0.27, 0.1, 0.11, 0.14, 0.82, 0.53, 0.9, 0.33, 0.27, 0.68, 0.08, 0.14, 0.01, 0.8, 0.16, 0.04, 0.62, 0.03, 0.04, 0.03, 0.1, 0.29, 0.08, 0.14, 0.16, 0.27, 0.77, 0.06]"
14,100,7,sup,100,100,100,approximate,0.05,MultiGauss0.5,N01xN01xN01xN01xN01,53.135999999999996,"[False, False, False, False, False, False, False, False, False, False, False, True, False, False, False, False, False, False, False, False, False, False, False, False, False, False, True, True, False, False, False, False, False, True, False, True, False, False, False, False, False, False, False, False, False, False, False, False, False, False, False, False, False, False, False, False, False, False, False, True, False, True, False, True, False, True, False, False, False, False, False, False, False, False, False, False, True, False, False, True, False, False, False, False, True, False, False, False, False, False, False, True, False, False, False, True, False, False, False, False]","[0.04, 0.0, 0.0, 0.01, 0.0, 0.0, 0.0, 0.0, 0.0, 0.0, 0.05, 0.06, 0.0, 0.0, 0.04, 0.0, 0.05, 0.0, 0.0, 0.0, 0.03, 0.0, 0.0, 0.0, 0.0, 0.0, 0.06, 0.17, 0.0, 0.0, 0.02, 0.0, 0.0, 0.06, 0.0, 0.14, 0.0, 0.0, 0.0, 0.0, 0.02, 0.0, 0.0, 0.02, 0.0, 0.02, 0.0, 0.0, 0.0, 0.01, 0.0, 0.05, 0.0, 0.0, 0.0, 0.0, 0.02, 0.02, 0.0, 0.06, 0.0, 0.06, 0.0, 0.54, 0.0, 0.06, 0.0, 0.0, 0.0, 0.0, 0.0, 0.0, 0.0, 0.04, 0.05, 0.02, 0.06, 0.0, 0.0, 0.06, 0.0, 0.0, 0.0, 0.02, 0.06, 0.01, 0.0, 0.0, 0.0, 0.0, 0.0, 0.06, 0.0, 0.0, 0.0, 0.06, 0.0, 0.02, 0.0, 0.0]"
15,100,7,sup,100,100,100,approximate,0.05,MultiGauss0.5,MultiGauss0.1,53.135999999999996,"[True, False, True, False, False, False, True, False, False, False, False, False, False, False, False, False, False, False, True, True, False, False, False, False, False, False, False, False, True, False, True, False, False, True, False, False, False, False, False, False, False, False, False, True, False, False, False, False, False, False, False, False, True, True, False, False, True, False, False, True, False, False, True, True, False, False, True, True, False, False, False, True, False, False, False, False, False, False, False, False, False, False, False, False, True, False, True, False, False, False, False, False, False, False, False, False, False, False, False, False]","[0.14, 0.0, 0.06, 0.04, 0.0, 0.0, 0.06, 0.01, 0.04, 0.0, 0.0, 0.0, 0.0, 0.0, 0.05, 0.04, 0.02, 0.01, 0.23, 0.12, 0.0, 0.02, 0.04, 0.04, 0.0, 0.0, 0.0, 0.02, 0.06, 0.0, 0.06, 0.04, 0.0, 0.07, 0.0, 0.0, 0.0, 0.0, 0.0, 0.0, 0.0, 0.0, 0.02, 0.06, 0.0, 0.0, 0.0, 0.03, 0.0, 0.0, 0.0, 0.0, 0.06, 0.06, 0.0, 0.0, 0.06, 0.0, 0.0, 0.06, 0.0, 0.0, 0.08, 0.08, 0.0, 0.0, 0.06, 0.06, 0.0, 0.0, 0.05, 0.06, 0.0, 0.02, 0.02, 0.0, 0.0, 0.04, 0.01, 0.0, 0.02, 0.0, 0.0, 0.0, 0.08, 0.02, 0.06, 0.02, 0.0, 0.0, 0.0, 0.05, 0.0, 0.0, 0.05, 0.0, 0.01, 0.0, 0.0, 0.0]"
16,100,7,sup,100,100,100,approximate,0.05,MultiGauss0.5,MultiGauss0.5,53.135999999999996,"[True, True, True, True, True, True, True, True, True, True, True, True, True, True, True, True, True, True, True, True, True, True, True, True, True, True, True, True, True, True, True, True, True, True, True, True, True, False, True, True, True, True, True, True, True, True, True, True, True, True, True, True, True, True, True, True, True, False, True, True, True, True, True, True, True, True, True, True, True, True, True, True, True, True, True, True, True, True, True, True, True, True, True, True, True, True, True, True, True, True, True, True, True, True, True, True, True, True, True, True]","[0.64, 0.12, 0.83, 0.26, 0.58, 0.62, 0.87, 0.68, 0.58, 0.39, 0.11, 0.54, 0.31, 0.87, 0.75, 0.87, 0.87, 0.59, 0.82, 0.6, 0.09, 0.82, 0.72, 0.49, 0.99, 0.3, 0.8, 0.58, 0.33, 0.14, 0.87, 0.96, 0.64, 0.78, 0.39, 0.6, 0.06, 0.02, 0.95, 0.11, 0.06, 0.24, 0.83, 0.11, 0.8, 0.41, 0.65, 0.52, 0.98, 0.87, 0.44, 0.99, 0.58, 0.27, 0.6, 0.54, 0.46, 0.04, 0.82, 0.18, 0.88, 0.09, 0.27, 1.0, 0.12, 0.06, 0.98, 0.24, 0.65, 0.58, 0.46, 0.39, 0.47, 0.12, 0.07, 0.24, 0.24, 0.86, 0.8, 0.47, 0.24, 0.24, 0.51, 0.06, 0.15, 0.6, 0.87, 0.99, 0.88, 0.33, 0.13, 0.88, 0.3, 0.11, 0.24, 0.98, 0.87, 0.25, 0.41, 0.57]"
17,100,7,sup,100,100,100,approximate,0.05,MultiGauss0.5,T3xT3xT3xT3xT3xT3xT3,53.135999999999996,"[False, False, False, False, False, False, False, False, False, False, False, False, False, False, False, False, False, False, False, False, False, False, False, False, False, False, False, False, False, False, False, False, False, False, False, False, False, False, False, False, False, False, False, False, False, False, False, False, False, False, False, False, False, False, False, False, False, False, False, False, False, False, False, False, False, False, False, False, False, False, False, False, False, False, False, False, False, False, False, False, False, False, False, False, False, False, False, False, False, False, False, False, False, False, False, False, False, False, False, False]","[0.0, 0.0, 0.0, 0.0, 0.0, 0.0, 0.0, 0.0, 0.0, 0.0, 0.0, 0.0, 0.0, 0.0, 0.0, 0.0, 0.0, 0.0, 0.0, 0.0, 0.0, 0.0, 0.0, 0.0, 0.0, 0.0, 0.0, 0.0, 0.0, 0.0, 0.0, 0.0, 0.0, 0.0, 0.0, 0.0, 0.0, 0.0, 0.0, 0.0, 0.0, 0.0, 0.0, 0.0, 0.0, 0.0, 0.0, 0.0, 0.0, 0.0, 0.0, 0.0, 0.0, 0.0, 0.0, 0.0, 0.0, 0.0, 0.0, 0.0, 0.0, 0.0, 0.0, 0.0, 0.0, 0.0, 0.0, 0.0, 0.0, 0.0, 0.0, 0.0, 0.0, 0.0, 0.0, 0.0, 0.0, 0.0, 0.0, 0.0, 0.0, 0.0, 0.0, 0.0, 0.0, 0.0, 0.0, 0.0, 0.0, 0.0, 0.0, 0.0, 0.0, 0.0, 0.0, 0.0, 0.0, 0.0, 0.0, 0.0]"
18,100,7,sup,100,100,100,approximate,0.05,MultiGauss0.5,T5xT5xT5xT5xT5xT5xT5,53.135999999999996,"[False, False, False, False, False, False, False, False, False, False, False, False, False, False, False, False, False, False, False, False, False, False, False, False, False, False, False, False, False, False, False, False, False, False, False, False, False, False, False, False, False, False, False, False, False, False, False, False, False, False, False, False, False, False, False, False, False, False, False, False, False, False, False, False, False, False, False, False, False, False, False, False, False, False, False, False, False, False, False, False, False, False, False, False, False, False, False, False, False, False, False, False, False, False, False, False, False, False, False, False]","[0.0, 0.0, 0.0, 0.0, 0.0, 0.0, 0.0, 0.0, 0.0, 0.0, 0.0, 0.0, 0.0, 0.0, 0.0, 0.0, 0.0, 0.0, 0.0, 0.0, 0.0, 0.0, 0.0, 0.0, 0.0, 0.0, 0.0, 0.0, 0.0, 0.0, 0.0, 0.0, 0.0, 0.0, 0.0, 0.0, 0.0, 0.0, 0.0, 0.0, 0.0, 0.0, 0.0, 0.0, 0.0, 0.0, 0.0, 0.0, 0.0, 0.0, 0.0, 0.0, 0.0, 0.0, 0.0, 0.0, 0.0, 0.0, 0.0, 0.0, 0.0, 0.0, 0.0, 0.0, 0.0, 0.0, 0.0, 0.0, 0.0, 0.0, 0.0, 0.0, 0.0, 0.0, 0.0, 0.0, 0.0, 0.0, 0.0, 0.0, 0.0, 0.0, 0.0, 0.0, 0.0, 0.0, 0.0, 0.0, 0.0, 0.0, 0.0, 0.0, 0.0, 0.0, 0.0, 0.0, 0.0, 0.0, 0.0, 0.0]"
19,100,7,sup,100,100,100,approximate,0.05,MultiGauss0.5,N01xN01xN01xT5xT5xT5xT5,53.135999999999996,"[False, False, False, False, False, False, False, False, False, False, False, False, False, False, False, False, False, False, False, False, False, False, True, False, False, False, False, False, False, False, False, False, False, False, False, False, False, False, False, False, False, False, False, False, False, False, False, False, False, False, False, False, False, False, False, False, False, False, False, False, False, False, False, False, False, False, False, False, False, False, False, False, False, False, False, False, False, False, False, False, False, False, False, False, False, False, False, False, False, False, False, False, False, False, False, False, False, False, False, False]","[0.0, 0.0, 0.0, 0.0, 0.0, 0.0, 0.0, 0.0, 0.0, 0.0, 0.0, 0.0, 0.0, 0.0, 0.0, 0.0, 0.0, 0.0, 0.0, 0.0, 0.0, 0.0, 0.06, 0.0, 0.0, 0.0, 0.0, 0.0, 0.0, 0.0, 0.0, 0.0, 0.0, 0.0, 0.0, 0.0, 0.0, 0.0, 0.0, 0.0, 0.0, 0.0, 0.0, 0.0, 0.0, 0.0, 0.0, 0.0, 0.0, 0.0, 0.0, 0.0, 0.0, 0.0, 0.0, 0.0, 0.0, 0.0, 0.0, 0.0, 0.0, 0.0, 0.0, 0.0, 0.0, 0.0, 0.0, 0.0, 0.0, 0.0, 0.0, 0.0, 0.0, 0.0, 0.0, 0.0, 0.0, 0.0, 0.0, 0.0, 0.0, 0.0, 0.0, 0.0, 0.0, 0.0, 0.0, 0.0, 0.0, 0.0, 0.0, 0.0, 0.0, 0.0, 0.02, 0.0, 0.0, 0.0, 0.0, 0.0]"
20,100,7,sup,100,100,100,approximate,0.05,MultiGauss0.5,N01xN01xN01xN01xLapxLapxLap,53.135999999999996,"[False, False, False, False, False, False, False, False, False, False, False, False, False, False, False, False, False, False, False, False, False, False, False, False, False, False, False, False, False, False, False, False, False, False, False, False, False, False, False, False, False, False, False, False, False, False, False, False, False, False, False, False, False, False, False, False, False, False, False, False, False, False, False, False, False, False, False, False, False, False, False, False, False, False, False, False, False, False, False, False, False, False, False, False, False, False, False, False, False, False, False, False, False, False, False, False, False, False, False, False]","[0.0, 0.0, 0.0, 0.0, 0.0, 0.0, 0.0, 0.0, 0.0, 0.0, 0.0, 0.0, 0.0, 0.0, 0.0, 0.0, 0.0, 0.0, 0.0, 0.0, 0.0, 0.0, 0.0, 0.0, 0.0, 0.0, 0.0, 0.0, 0.0, 0.0, 0.0, 0.0, 0.0, 0.0, 0.0, 0.0, 0.0, 0.0, 0.0, 0.0, 0.0, 0.0, 0.0, 0.0, 0.0, 0.0, 0.0, 0.0, 0.0, 0.0, 0.0, 0.0, 0.0, 0.0, 0.0, 0.0, 0.0, 0.0, 0.0, 0.0, 0.0, 0.0, 0.0, 0.0, 0.0, 0.0, 0.0, 0.0, 0.0, 0.0, 0.0, 0.0, 0.0, 0.0, 0.0, 0.0, 0.0, 0.0, 0.0, 0.0, 0.0, 0.0, 0.0, 0.0, 0.0, 0.0, 0.0, 0.0, 0.0, 0.0, 0.0, 0.0, 0.0, 0.0, 0.0, 0.0, 0.0, 0.0, 0.0, 0.0]"
21,100,7,sup,100,100,100,approximate,0.05,T3xT3xT3xT3xT3xT3xT3,N01xN01xN01xN01xN01,43.4815,"[False, False, False, False, False, False, False, False, False, False, False, False, False, False, False, False, False, False, False, False, False, False, False, False, False, False, False, False, False, False, False, False, False, False, False, False, False, False, False, False, False, False, False, False, False, False, False, False, False, False, False, False, False, False, False, False, False, False, False, False, False, False, False, False, False, False, False, False, False, False, False, False, False, False, False, False, False, False, False, False, False, False, False, False, False, False, False, False, False, False, False, False, False, False, False, False, False, False, False, False]","[0.0, 0.0, 0.0, 0.0, 0.0, 0.0, 0.0, 0.0, 0.0, 0.0, 0.0, 0.0, 0.0, 0.0, 0.0, 0.0, 0.0, 0.0, 0.0, 0.0, 0.0, 0.0, 0.0, 0.0, 0.0, 0.0, 0.0, 0.0, 0.0, 0.0, 0.0, 0.0, 0.0, 0.0, 0.0, 0.0, 0.0, 0.0, 0.0, 0.0, 0.0, 0.0, 0.0, 0.0, 0.0, 0.0, 0.0, 0.0, 0.0, 0.0, 0.0, 0.0, 0.0, 0.0, 0.0, 0.0, 0.0, 0.0, 0.0, 0.0, 0.0, 0.0, 0.0, 0.0, 0.0, 0.0, 0.0, 0.0, 0.0, 0.0, 0.0, 0.0, 0.0, 0.0, 0.0, 0.0, 0.0, 0.0, 0.0, 0.0, 0.0, 0.0, 0.0, 0.0, 0.0, 0.0, 0.0, 0.0, 0.0, 0.0, 0.0, 0.0, 0.0, 0.0, 0.0, 0.0, 0.0, 0.0, 0.0, 0.0]"
22,100,7,sup,100,100,100,approximate,0.05,T3xT3xT3xT3xT3xT3xT3,MultiGauss0.1,43.4815,"[False, False, False, False, False, False, False, False, False, False, False, False, False, False, False, False, False, False, False, False, False, False, False, False, False, False, False, False, False, False, False, False, False, False, False, False, False, False, False, False, False, False, False, False, False, False, False, False, False, False, False, False, False, False, False, False, False, False, False, False, False, False, False, False, False, False, False, False, False, False, False, False, False, False, False, False, False, False, False, False, False, False, False, False, False, False, False, False, False, False, False, False, False, False, False, False, False, False, False, False]","[0.0, 0.0, 0.0, 0.0, 0.0, 0.0, 0.0, 0.0, 0.0, 0.0, 0.0, 0.0, 0.0, 0.0, 0.0, 0.0, 0.0, 0.0, 0.0, 0.0, 0.0, 0.0, 0.0, 0.0, 0.0, 0.0, 0.0, 0.0, 0.0, 0.0, 0.0, 0.0, 0.0, 0.0, 0.0, 0.0, 0.0, 0.0, 0.0, 0.0, 0.0, 0.0, 0.0, 0.0, 0.0, 0.0, 0.0, 0.0, 0.0, 0.0, 0.0, 0.0, 0.0, 0.0, 0.0, 0.0, 0.0, 0.0, 0.0, 0.0, 0.0, 0.0, 0.0, 0.0, 0.0, 0.0, 0.0, 0.0, 0.0, 0.0, 0.0, 0.0, 0.0, 0.0, 0.0, 0.0, 0.0, 0.0, 0.0, 0.0, 0.0, 0.0, 0.0, 0.0, 0.0, 0.0, 0.0, 0.0, 0.0, 0.0, 0.0, 0.0, 0.0, 0.0, 0.0, 0.0, 0.0, 0.0, 0.0, 0.0]"
23,100,7,sup,100,100,100,approximate,0.05,T3xT3xT3xT3xT3xT3xT3,MultiGauss0.5,43.4815,"[False, False, False, False, False, False, False, False, False, False, False, False, False, False, False, False, False, False, False, False, False, False, False, False, False, False, False, False, False, False, False, False, False, False, False, False, False, False, False, False, False, False, False, False, False, False, False, False, False, False, False, False, False, False, False, False, False, False, False, False, False, False, False, False, False, False, False, False, False, False, False, False, False, False, False, False, False, False, False, False, False, False, False, False, False, False, False, False, False, False, False, False, False, False, False, False, False, False, False, False]","[0.0, 0.0, 0.0, 0.0, 0.0, 0.0, 0.0, 0.0, 0.0, 0.0, 0.0, 0.0, 0.0, 0.0, 0.0, 0.0, 0.0, 0.0, 0.0, 0.0, 0.0, 0.0, 0.0, 0.0, 0.0, 0.0, 0.0, 0.0, 0.0, 0.0, 0.0, 0.0, 0.0, 0.0, 0.0, 0.0, 0.0, 0.0, 0.0, 0.0, 0.0, 0.0, 0.0, 0.0, 0.0, 0.0, 0.0, 0.0, 0.0, 0.0, 0.0, 0.0, 0.0, 0.0, 0.0, 0.0, 0.0, 0.0, 0.0, 0.0, 0.0, 0.0, 0.0, 0.0, 0.0, 0.0, 0.0, 0.0, 0.0, 0.0, 0.0, 0.0, 0.0, 0.0, 0.0, 0.0, 0.0, 0.0, 0.0, 0.0, 0.0, 0.0, 0.0, 0.0, 0.0, 0.0, 0.0, 0.0, 0.0, 0.0, 0.0, 0.0, 0.0, 0.0, 0.0, 0.0, 0.0, 0.0, 0.0, 0.0]"
24,100,7,sup,100,100,100,approximate,0.05,T3xT3xT3xT3xT3xT3xT3,T3xT3xT3xT3xT3xT3xT3,43.4815,"[True, True, True, True, True, True, True, True, True, True, True, True, True, True, True, True, True, True, True, True, True, False, True, True, True, True, True, True, True, True, True, True, False, True, True, True, True, True, True, True, True, True, True, True, False, True, True, True, True, True, True, True, True, True, True, True, True, True, True, True, True, True, True, True, True, True, True, True, True, True, True, True, True, True, True, True, True, True, False, True, True, True, True, True, True, True, True, True, True, True, True, True, True, True, True, True, True, True, False, True]","[0.67, 0.12, 0.23, 0.55, 0.75, 0.71, 0.15, 1.0, 0.64, 0.79, 0.27, 0.08, 0.19, 0.7, 0.22, 0.21, 0.91, 0.14, 0.7, 0.19, 0.14, 0.01, 0.83, 0.64, 0.71, 0.32, 0.95, 0.83, 0.24, 0.13, 0.64, 0.21, 0.01, 0.16, 0.41, 0.73, 0.84, 0.54, 0.46, 0.32, 0.97, 0.53, 0.07, 0.54, 0.03, 0.6, 0.49, 0.22, 0.92, 0.4, 0.5, 0.35, 0.93, 0.21, 0.07, 0.64, 0.21, 0.21, 0.39, 0.51, 0.13, 0.83, 0.73, 0.6, 0.07, 0.45, 0.21, 0.12, 0.21, 0.89, 0.42, 0.27, 0.59, 0.77, 0.08, 0.16, 0.39, 0.92, 0.04, 0.97, 0.73, 0.97, 0.7, 0.99, 0.48, 0.26, 0.94, 0.64, 0.1, 0.89, 0.59, 0.15, 0.93, 0.31, 0.6, 0.54, 0.08, 0.76, 0.01, 0.21]"
25,100,7,sup,100,100,100,approximate,0.05,T3xT3xT3xT3xT3xT3xT3,T5xT5xT5xT5xT5xT5xT5,43.4815,"[True, True, False, False, False, False, False, True, False, False, True, False, True, False, False, True, False, False, False, False, True, True, True, True, True, False, True, False, False, False, True, False, False, False, False, True, False, False, False, False, True, False, False, False, True, True, False, False, False, False, False, True, False, False, False, False, False, False, True, True, True, False, False, False, False, False, False, False, False, False, False, False, False, True, True, True, False, True, False, False, False, False, True, False, False, False, True, False, True, True, True, False, False, True, False, True, False, False, False, False]","[0.06, 0.07, 0.0, 0.01, 0.0, 0.0, 0.01, 0.23, 0.0, 0.04, 0.08, 0.01, 0.07, 0.01, 0.05, 0.21, 0.0, 0.0, 0.03, 0.0, 0.61, 0.15, 0.2, 0.19, 0.11, 0.01, 0.14, 0.01, 0.0, 0.0, 0.14, 0.03, 0.0, 0.03, 0.01, 0.14, 0.01, 0.0, 0.03, 0.01, 0.58, 0.0, 0.05, 0.0, 0.17, 0.14, 0.0, 0.03, 0.03, 0.0, 0.01, 0.16, 0.0, 0.01, 0.0, 0.0, 0.0, 0.0, 0.61, 0.08, 0.07, 0.01, 0.0, 0.0, 0.0, 0.0, 0.01, 0.0, 0.01, 0.0, 0.0, 0.04, 0.0, 0.08, 0.17, 0.07, 0.01, 0.51, 0.03, 0.01, 0.0, 0.0, 0.07, 0.0, 0.0, 0.01, 0.11, 0.04, 0.12, 0.16, 0.14, 0.01, 0.0, 0.12, 0.0, 0.07, 0.0, 0.02, 0.0, 0.01]"
26,100,7,sup,100,100,100,approximate,0.05,T3xT3xT3xT3xT3xT3xT3,N01xN01xN01xT5xT5xT5xT5,43.4815,"[False, False, False, False, False, False, False, False, False, False, False, False, False, True, False, False, False, False, False, False, False, False, False, False, False, False, False, False, False, False, False, False, False, False, False, False, False, False, False, False, False, False, False, False, False, False, False, False, False, False, False, False, False, False, False, False, False, False, False, False, False, False, False, False, False, False, False, False, False, False, True, False, False, False, False, False, False, False, False, False, False, False, False, False, False, False, False, False, False, False, False, False, False, False, False, False, False, False, False, False]","[0.0, 0.0, 0.0, 0.0, 0.0, 0.0, 0.01, 0.0, 0.0, 0.0, 0.0, 0.0, 0.0, 0.17, 0.0, 0.0, 0.0, 0.0, 0.01, 0.0, 0.0, 0.0, 0.0, 0.0, 0.0, 0.0, 0.0, 0.0, 0.0, 0.0, 0.0, 0.03, 0.0, 0.0, 0.0, 0.0, 0.01, 0.0, 0.0, 0.0, 0.0, 0.0, 0.0, 0.0, 0.0, 0.0, 0.0, 0.0, 0.0, 0.0, 0.0, 0.0, 0.0, 0.0, 0.0, 0.0, 0.0, 0.0, 0.0, 0.01, 0.0, 0.0, 0.0, 0.0, 0.0, 0.0, 0.01, 0.0, 0.0, 0.0, 0.19, 0.0, 0.0, 0.03, 0.0, 0.0, 0.0, 0.0, 0.0, 0.0, 0.01, 0.0, 0.0, 0.0, 0.0, 0.0, 0.0, 0.0, 0.0, 0.0, 0.0, 0.0, 0.0, 0.0, 0.0, 0.0, 0.0, 0.04, 0.0, 0.0]"
27,100,7,sup,100,100,100,approximate,0.05,T3xT3xT3xT3xT3xT3xT3,N01xN01xN01xN01xLapxLapxLap,43.4815,"[False, False, False, False, False, False, False, False, False, False, False, False, False, False, False, False, False, False, False, False, False, False, False, False, False, True, True, False, False, False, False, False, False, False, False, False, False, False, False, False, False, False, False, False, False, False, False, False, False, False, False, False, False, False, False, False, False, False, False, False, False, False, False, False, False, True, False, False, False, False, False, False, False, False, False, False, False, False, False, False, False, False, False, False, False, False, False, False, False, False, False, False, False, False, False, False, False, False, False, False]","[0.0, 0.0, 0.0, 0.0, 0.0, 0.0, 0.0, 0.0, 0.01, 0.01, 0.0, 0.01, 0.01, 0.0, 0.0, 0.0, 0.01, 0.0, 0.0, 0.01, 0.0, 0.0, 0.0, 0.01, 0.03, 0.16, 0.08, 0.0, 0.0, 0.0, 0.0, 0.0, 0.0, 0.0, 0.01, 0.0, 0.0, 0.01, 0.0, 0.0, 0.01, 0.03, 0.0, 0.0, 0.01, 0.0, 0.0, 0.0, 0.01, 0.0, 0.0, 0.01, 0.0, 0.0, 0.0, 0.0, 0.0, 0.01, 0.0, 0.0, 0.0, 0.0, 0.0, 0.0, 0.0, 0.1, 0.0, 0.01, 0.0, 0.0, 0.01, 0.03, 0.0, 0.0, 0.0, 0.0, 0.0, 0.01, 0.0, 0.03, 0.0, 0.01, 0.0, 0.03, 0.0, 0.0, 0.01, 0.0, 0.03, 0.0, 0.04, 0.0, 0.0, 0.0, 0.0, 0.0, 0.0, 0.0, 0.0, 0.0]"
28,100,7,sup,100,100,100,approximate,0.05,T5xT5xT5xT5xT5xT5xT5,N01xN01xN01xN01xN01,49.51349999999999,"[False, False, False, False, False, False, False, False, False, False, False, False, False, False, True, False, False, False, False, False, False, False, False, False, False, False, False, False, False, False, False, False, False, False, False, False, False, False, False, False, False, False, False, False, False, False, False, False, False, False, False, False, False, False, False, False, False, False, False, True, False, False, False, False, False, False, False, False, False, False, False, False, False, False, False, False, False, False, False, False, False, False, False, False, False, False, False, True, False, False, False, False, False, False, False, False, False, False, False, False]","[0.0, 0.0, 0.0, 0.01, 0.0, 0.02, 0.0, 0.01, 0.0, 0.0, 0.03, 0.0, 0.02, 0.01, 0.13, 0.0, 0.01, 0.0, 0.0, 0.0, 0.01, 0.0, 0.0, 0.0, 0.0, 0.0, 0.01, 0.0, 0.0, 0.0, 0.02, 0.0, 0.01, 0.0, 0.0, 0.0, 0.01, 0.0, 0.0, 0.0, 0.0, 0.05, 0.0, 0.01, 0.03, 0.01, 0.03, 0.0, 0.0, 0.02, 0.01, 0.0, 0.0, 0.02, 0.0, 0.0, 0.0, 0.0, 0.01, 0.21, 0.0, 0.0, 0.0, 0.0, 0.0, 0.0, 0.0, 0.0, 0.05, 0.0, 0.0, 0.0, 0.0, 0.02, 0.01, 0.0, 0.0, 0.03, 0.0, 0.02, 0.01, 0.0, 0.0, 0.0, 0.0, 0.0, 0.01, 0.09, 0.0, 0.0, 0.0, 0.05, 0.0, 0.01, 0.01, 0.0, 0.05, 0.0, 0.0, 0.0]"
29,100,7,sup,100,100,100,approximate,0.05,T5xT5xT5xT5xT5xT5xT5,MultiGauss0.1,49.51349999999999,"[False, False, False, False, False, False, False, False, False, False, False, False, False, True, False, False, False, False, False, False, False, False, False, False, False, False, False, False, False, False, False, False, False, False, False, False, False, False, False, False, False, False, False, False, False, False, False, False, False, False, False, False, False, False, False, False, False, False, False, False, False, False, False, False, False, False, False, False, False, False, False, True, False, False, False, False, False, False, False, False, False, False, False, False, False, False, False, False, False, False, False, False, False, False, False, False, False, False, True, False]","[0.0, 0.0, 0.01, 0.0, 0.0, 0.0, 0.0, 0.0, 0.0, 0.0, 0.01, 0.0, 0.0, 0.06, 0.0, 0.0, 0.0, 0.0, 0.0, 0.0, 0.0, 0.01, 0.0, 0.0, 0.0, 0.0, 0.0, 0.0, 0.0, 0.01, 0.0, 0.0, 0.0, 0.0, 0.0, 0.01, 0.0, 0.0, 0.0, 0.0, 0.0, 0.0, 0.0, 0.0, 0.0, 0.0, 0.0, 0.0, 0.0, 0.0, 0.0, 0.0, 0.01, 0.02, 0.04, 0.0, 0.01, 0.0, 0.0, 0.0, 0.0, 0.0, 0.0, 0.0, 0.0, 0.0, 0.0, 0.0, 0.0, 0.0, 0.0, 0.12, 0.0, 0.05, 0.0, 0.0, 0.0, 0.0, 0.0, 0.0, 0.0, 0.0, 0.0, 0.02, 0.0, 0.0, 0.0, 0.0, 0.0, 0.0, 0.0, 0.02, 0.01, 0.0, 0.01, 0.0, 0.01, 0.0, 0.12, 0.03]"
30,100,7,sup,100,100,100,approximate,0.05,T5xT5xT5xT5xT5xT5xT5,MultiGauss0.5,49.51349999999999,"[False, False, False, False, False, False, False, False, False, False, False, False, False, False, False, False, False, False, False, False, False, False, False, False, False, False, False, False, False, False, False, False, False, False, False, False, False, False, False, False, False, False, False, False, False, False, False, False, False, False, False, False, False, False, False, False, False, False, False, False, False, False, False, False, False, False, False, False, False, False, False, False, False, False, False, False, False, False, False, False, False, False, False, False, False, False, False, False, False, False, False, False, False, False, False, False, False, False, False, False]","[0.0, 0.0, 0.0, 0.0, 0.0, 0.0, 0.0, 0.0, 0.0, 0.0, 0.0, 0.0, 0.0, 0.0, 0.0, 0.0, 0.0, 0.0, 0.0, 0.0, 0.0, 0.0, 0.0, 0.0, 0.0, 0.0, 0.0, 0.0, 0.0, 0.0, 0.0, 0.0, 0.0, 0.0, 0.0, 0.0, 0.0, 0.0, 0.0, 0.0, 0.0, 0.0, 0.0, 0.0, 0.0, 0.0, 0.0, 0.0, 0.0, 0.0, 0.0, 0.0, 0.0, 0.0, 0.0, 0.0, 0.0, 0.0, 0.0, 0.0, 0.0, 0.0, 0.0, 0.0, 0.0, 0.0, 0.0, 0.0, 0.0, 0.0, 0.0, 0.0, 0.0, 0.0, 0.0, 0.0, 0.0, 0.0, 0.0, 0.0, 0.0, 0.0, 0.0, 0.0, 0.0, 0.0, 0.0, 0.0, 0.0, 0.0, 0.0, 0.0, 0.0, 0.0, 0.0, 0.0, 0.0, 0.0, 0.0, 0.0]"
31,100,7,sup,100,100,100,approximate,0.05,T5xT5xT5xT5xT5xT5xT5,T3xT3xT3xT3xT3xT3xT3,49.51349999999999,"[True, True, True, True, True, False, True, False, True, False, False, False, True, True, True, True, True, False, True, False, True, True, True, True, True, True, False, True, False, True, True, False, True, True, True, True, False, True, True, True, True, False, True, True, True, True, True, True, True, True, False, True, False, False, False, True, True, False, True, True, True, True, True, True, True, True, False, True, True, True, False, True, True, True, False, True, True, True, True, True, True, False, True, False, True, True, False, True, True, True, False, True, True, False, True, False, True, True, False, True]","[0.5, 0.13, 0.19, 0.82, 0.4, 0.01, 0.21, 0.01, 0.21, 0.02, 0.01, 0.03, 0.06, 0.24, 0.63, 0.19, 0.19, 0.0, 0.21, 0.05, 0.08, 0.21, 0.33, 0.33, 0.52, 0.24, 0.02, 0.08, 0.03, 0.45, 0.64, 0.02, 0.21, 0.11, 0.09, 0.52, 0.0, 0.37, 0.07, 0.47, 0.19, 0.05, 0.08, 0.09, 0.68, 0.16, 0.64, 0.09, 0.52, 0.08, 0.03, 0.24, 0.03, 0.01, 0.01, 0.2, 0.53, 0.03, 0.11, 0.11, 0.08, 0.11, 0.13, 0.11, 0.08, 0.09, 0.03, 0.16, 0.39, 0.13, 0.03, 0.67, 0.24, 0.13, 0.01, 0.09, 0.74, 0.24, 0.07, 0.14, 0.62, 0.01, 0.21, 0.0, 0.13, 0.64, 0.0, 0.41, 0.64, 0.67, 0.05, 0.21, 0.24, 0.03, 0.21, 0.02, 0.24, 0.51, 0.0, 0.09]"
32,100,7,sup,100,100,100,approximate,0.05,T5xT5xT5xT5xT5xT5xT5,T5xT5xT5xT5xT5xT5xT5,49.51349999999999,"[True, True, True, False, True, True, True, True, True, True, True, True, True, True, True, False, True, True, True, True, True, True, True, True, True, True, True, True, True, True, True, True, True, True, True, True, True, True, True, True, True, True, True, True, True, True, True, True, True, True, True, True, True, False, True, True, True, True, True, True, True, True, False, True, True, True, True, True, False, True, True, True, True, True, True, True, True, True, True, True, True, True, True, True, True, True, False, True, True, True, True, True, True, True, True, True, True, True, True, False]","[0.29, 0.13, 0.23, 0.0, 0.68, 0.68, 0.73, 0.18, 0.92, 0.24, 0.55, 0.67, 0.87, 0.21, 0.87, 0.0, 0.74, 0.08, 0.68, 0.74, 0.76, 0.18, 0.27, 0.71, 0.08, 0.21, 0.68, 0.6, 0.38, 0.19, 0.87, 0.24, 0.45, 0.49, 0.64, 0.87, 0.68, 0.5, 0.53, 0.63, 0.7, 0.68, 0.63, 0.21, 0.95, 0.06, 0.52, 0.07, 0.67, 0.35, 0.45, 0.5, 0.77, 0.05, 0.4, 0.84, 0.95, 0.19, 0.64, 0.78, 0.19, 0.24, 0.02, 0.25, 0.23, 0.55, 0.82, 0.93, 0.03, 0.08, 0.91, 0.49, 0.6, 0.36, 0.73, 0.87, 0.86, 0.64, 0.53, 0.9, 0.56, 0.13, 0.87, 0.98, 0.24, 0.32, 0.0, 0.21, 0.7, 0.33, 0.22, 0.5, 0.74, 0.87, 0.62, 0.27, 0.67, 0.82, 0.25, 0.03]"
33,100,7,sup,100,100,100,approximate,0.05,T5xT5xT5xT5xT5xT5xT5,N01xN01xN01xT5xT5xT5xT5,49.51349999999999,"[True, True, False, True, True, True, False, True, True, True, True, False, True, True, True, False, True, False, True, True, True, True, True, True, True, False, True, True, True, False, True, True, True, False, True, True, True, True, True, False, True, True, True, True, True, False, False, True, True, True, True, False, True, False, True, True, True, True, True, True, False, False, False, True, False, True, True, True, True, True, True, True, False, True, True, True, True, False, True, True, True, True, True, False, True, True, True, True, True, True, True, True, True, True, True, True, True, False, True, True]","[0.2, 0.87, 0.01, 0.25, 0.22, 0.74, 0.03, 0.12, 0.09, 0.56, 0.08, 0.01, 0.63, 0.68, 0.09, 0.01, 0.73, 0.02, 0.09, 0.68, 0.64, 0.13, 0.35, 0.23, 0.08, 0.03, 0.52, 0.47, 0.74, 0.0, 0.13, 0.59, 0.77, 0.01, 0.73, 0.11, 0.24, 0.64, 0.18, 0.03, 0.39, 0.21, 0.93, 0.99, 0.67, 0.01, 0.0, 0.37, 0.29, 0.33, 0.32, 0.0, 0.68, 0.01, 0.43, 0.13, 0.52, 0.52, 0.4, 0.64, 0.01, 0.01, 0.05, 1.0, 0.03, 0.39, 0.63, 0.41, 0.62, 0.54, 0.17, 0.08, 0.01, 0.08, 0.12, 0.21, 0.07, 0.01, 0.19, 0.21, 0.64, 0.99, 0.24, 0.01, 0.52, 0.24, 0.52, 0.21, 0.42, 0.09, 0.18, 0.67, 0.4, 0.76, 0.08, 0.23, 0.13, 0.05, 0.13, 0.33]"
34,100,7,sup,100,100,100,approximate,0.05,T5xT5xT5xT5xT5xT5xT5,N01xN01xN01xN01xLapxLapxLap,49.51349999999999,"[True, False, True, True, True, True, True, True, False, True, False, True, True, True, True, True, True, False, True, True, True, True, True, True, True, True, True, True, True, False, True, True, False, True, True, True, True, True, True, True, True, True, True, True, True, True, True, True, True, True, True, False, True, True, True, True, True, True, True, True, True, True, True, True, True, False, True, True, False, True, True, True, True, True, False, True, True, False, True, True, True, True, True, True, True, True, True, False, True, True, True, False, True, True, True, False, True, True, True, False]","[0.18, 0.02, 0.08, 0.26, 0.77, 0.43, 0.21, 0.87, 0.01, 0.08, 0.02, 0.11, 0.05, 0.32, 0.21, 0.13, 0.83, 0.02, 0.64, 0.74, 0.84, 0.21, 0.83, 0.43, 0.13, 0.68, 0.68, 0.59, 0.9, 0.0, 0.06, 0.21, 0.05, 0.32, 0.62, 0.92, 0.87, 0.89, 0.74, 0.07, 0.07, 0.09, 0.21, 0.21, 0.24, 0.64, 0.9, 0.24, 0.68, 0.13, 0.18, 0.0, 0.23, 0.5, 0.11, 0.68, 0.9, 0.32, 0.24, 0.64, 0.08, 0.64, 0.25, 0.13, 0.67, 0.03, 0.89, 0.08, 0.03, 0.64, 0.98, 0.67, 0.41, 0.23, 0.02, 0.12, 0.5, 0.05, 0.76, 0.21, 0.76, 0.74, 0.5, 0.33, 0.55, 0.87, 0.95, 0.05, 0.07, 0.08, 0.08, 0.01, 0.5, 0.36, 0.09, 0.01, 0.26, 0.68, 0.67, 0.0]"
35,100,7,sup,100,100,100,approximate,0.05,N01xN01xN01xT5xT5xT5xT5,N01xN01xN01xN01xN01,56.068,"[True, False, False, True, False, True, True, True, True, False, True, False, False, False, False, True, True, False, True, True, True, False, True, True, True, True, True, True, True, True, True, True, False, True, True, True, True, False, True, False, False, True, False, False, False, False, False, True, False, True, True, True, True, True, True, False, True, False, True, False, True, True, True, True, True, False, True, False, True, True, True, False, True, False, False, False, True, False, True, False, True, True, True, False, True, True, True, True, True, True, True, True, True, True, False, False, False, True, True, False]","[0.17, 0.02, 0.0, 0.17, 0.01, 0.06, 0.19, 0.07, 0.17, 0.01, 0.17, 0.04, 0.01, 0.01, 0.01, 0.09, 0.06, 0.05, 0.06, 0.14, 0.17, 0.01, 0.1, 0.1, 0.3, 0.08, 0.09, 0.34, 0.51, 0.69, 0.42, 0.17, 0.0, 0.06, 0.06, 0.68, 0.07, 0.01, 0.09, 0.05, 0.0, 0.34, 0.01, 0.01, 0.02, 0.02, 0.02, 0.1, 0.01, 0.1, 0.1, 0.18, 0.06, 0.17, 0.42, 0.0, 0.18, 0.01, 0.07, 0.01, 0.05, 0.1, 0.1, 0.33, 0.34, 0.0, 0.66, 0.01, 0.09, 0.06, 0.18, 0.0, 0.06, 0.01, 0.0, 0.01, 0.07, 0.01, 0.09, 0.04, 0.06, 0.22, 0.1, 0.0, 0.13, 0.17, 0.27, 0.34, 0.34, 0.1, 0.17, 0.69, 0.17, 0.33, 0.04, 0.04, 0.01, 0.07, 0.17, 0.01]"
36,100,7,sup,100,100,100,approximate,0.05,N01xN01xN01xT5xT5xT5xT5,MultiGauss0.1,56.068,"[True, True, True, True, True, True, False, False, True, True, False, True, True, True, True, False, True, True, True, True, True, False, True, False, True, False, True, False, False, False, False, False, True, False, True, True, False, True, False, True, False, True, True, True, True, True, True, False, False, True, True, True, True, True, True, True, True, False, False, True, True, True, False, False, True, True, True, False, True, True, False, True, True, True, True, False, False, False, False, True, True, False, True, True, False, False, True, True, True, False, False, True, False, False, True, False, True, False, False, True]","[0.06, 0.09, 0.1, 0.18, 0.09, 0.6, 0.01, 0.0, 0.1, 0.19, 0.0, 0.06, 0.1, 0.06, 0.34, 0.01, 0.08, 0.1, 0.22, 0.17, 0.18, 0.05, 0.1, 0.02, 0.28, 0.01, 0.3, 0.01, 0.01, 0.05, 0.01, 0.04, 0.15, 0.02, 0.07, 0.06, 0.05, 0.37, 0.04, 0.09, 0.05, 0.09, 0.09, 0.17, 0.19, 0.06, 0.09, 0.01, 0.04, 0.19, 0.21, 0.1, 0.3, 0.1, 0.34, 0.1, 0.31, 0.01, 0.01, 0.17, 0.07, 0.06, 0.01, 0.04, 0.34, 0.09, 0.06, 0.0, 0.09, 0.1, 0.0, 0.34, 0.13, 0.1, 0.06, 0.05, 0.01, 0.04, 0.0, 0.18, 0.33, 0.0, 0.51, 0.06, 0.02, 0.01, 0.1, 0.09, 0.95, 0.01, 0.05, 0.07, 0.01, 0.01, 0.26, 0.01, 0.06, 0.02, 0.0, 0.06]"
37,100,7,sup,100,100,100,approximate,0.05,N01xN01xN01xT5xT5xT5xT5,MultiGauss0.5,56.068,"[False, False, False, False, False, False, False, False, False, False, False, False, False, False, False, False, False, False, False, False, False, False, False, False, False, False, False, False, False, False, False, False, False, False, False, False, False, False, False, False, False, False, False, False, False, False, False, False, False, False, False, False, False, False, False, False, False, False, False, False, False, False, False, False, False, False, False, False, False, False, False, False, False, False, False, False, False, False, False, False, False, False, False, False, False, False, False, False, False, False, False, False, False, False, False, False, False, False, False, False]","[0.0, 0.0, 0.0, 0.0, 0.0, 0.0, 0.0, 0.0, 0.0, 0.0, 0.0, 0.02, 0.0, 0.0, 0.0, 0.0, 0.0, 0.01, 0.0, 0.0, 0.0, 0.01, 0.0, 0.0, 0.0, 0.0, 0.0, 0.0, 0.0, 0.0, 0.0, 0.0, 0.0, 0.0, 0.0, 0.01, 0.0, 0.0, 0.0, 0.0, 0.0, 0.01, 0.0, 0.0, 0.0, 0.0, 0.0, 0.0, 0.0, 0.01, 0.0, 0.0, 0.0, 0.0, 0.0, 0.0, 0.0, 0.0, 0.0, 0.0, 0.0, 0.0, 0.0, 0.0, 0.0, 0.0, 0.01, 0.0, 0.0, 0.0, 0.0, 0.0, 0.0, 0.01, 0.0, 0.0, 0.0, 0.0, 0.0, 0.0, 0.0, 0.0, 0.0, 0.0, 0.0, 0.0, 0.0, 0.0, 0.0, 0.0, 0.0, 0.01, 0.0, 0.0, 0.0, 0.0, 0.0, 0.0, 0.0, 0.0]"
38,100,7,sup,100,100,100,approximate,0.05,N01xN01xN01xT5xT5xT5xT5,T3xT3xT3xT3xT3xT3xT3,56.068,"[False, True, False, True, False, False, False, False, False, False, False, False, False, False, False, True, False, False, False, False, False, False, False, True, True, True, True, False, False, True, True, True, True, True, False, True, True, True, True, True, False, True, False, True, True, False, True, True, False, False, False, False, True, False, True, False, True, False, False, False, True, True, False, True, True, True, False, False, False, False, False, False, False, False, False, False, True, False, True, True, False, False, True, True, True, False, False, True, True, True, False, False, False, True, True, False, False, True, True, False]","[0.01, 0.06, 0.02, 0.17, 0.01, 0.01, 0.01, 0.01, 0.05, 0.02, 0.0, 0.01, 0.0, 0.02, 0.01, 0.13, 0.05, 0.01, 0.04, 0.01, 0.04, 0.01, 0.04, 0.26, 0.06, 0.06, 0.07, 0.01, 0.01, 0.18, 0.06, 0.07, 0.1, 0.06, 0.02, 0.06, 0.12, 0.06, 0.1, 0.06, 0.01, 0.07, 0.01, 0.06, 0.3, 0.01, 0.1, 0.17, 0.0, 0.02, 0.05, 0.02, 0.43, 0.01, 0.33, 0.01, 0.06, 0.0, 0.04, 0.04, 0.07, 0.13, 0.02, 0.19, 0.17, 0.1, 0.05, 0.03, 0.04, 0.05, 0.04, 0.02, 0.0, 0.01, 0.02, 0.02, 0.09, 0.04, 0.09, 0.06, 0.02, 0.0, 0.34, 0.37, 0.17, 0.02, 0.01, 0.17, 0.09, 0.1, 0.04, 0.0, 0.01, 0.06, 0.06, 0.04, 0.04, 0.07, 0.1, 0.01]"
39,100,7,sup,100,100,100,approximate,0.05,N01xN01xN01xT5xT5xT5xT5,T5xT5xT5xT5xT5xT5xT5,56.068,"[True, True, True, True, True, True, True, True, True, True, True, True, True, True, False, True, True, True, True, True, True, True, True, True, True, True, True, True, True, True, True, True, True, True, True, True, True, True, True, True, True, True, True, True, True, False, True, True, True, True, True, True, True, True, True, True, True, True, True, True, True, True, True, True, True, True, True, True, True, False, True, True, True, True, True, True, True, True, True, True, True, True, True, True, True, True, True, True, True, True, True, True, True, True, True, True, True, True, True, True]","[0.34, 0.09, 0.17, 0.67, 0.18, 0.19, 0.94, 0.34, 0.95, 0.34, 0.95, 0.51, 0.62, 0.38, 0.02, 0.17, 0.95, 0.19, 0.76, 0.26, 0.83, 0.83, 0.12, 0.61, 0.37, 0.98, 0.18, 0.86, 0.92, 0.52, 0.87, 0.31, 0.18, 0.1, 0.13, 0.4, 0.95, 0.34, 0.1, 0.92, 0.07, 0.84, 0.34, 0.43, 0.76, 0.01, 0.13, 0.19, 0.92, 0.06, 0.1, 0.34, 0.19, 0.46, 0.98, 0.34, 0.17, 0.1, 0.91, 0.44, 0.98, 0.63, 0.7, 0.87, 0.52, 0.88, 0.17, 0.06, 0.66, 0.04, 0.65, 0.47, 0.3, 0.08, 0.17, 0.09, 0.18, 0.69, 0.91, 0.19, 0.33, 0.3, 0.66, 0.09, 0.27, 0.66, 0.31, 0.42, 0.49, 0.19, 0.37, 0.84, 0.18, 0.63, 0.17, 0.43, 0.17, 0.13, 0.49, 0.31]"
40,100,7,sup,100,100,100,approximate,0.05,N01xN01xN01xT5xT5xT5xT5,N01xN01xN01xT5xT5xT5xT5,56.068,"[True, True, True, True, True, True, True, True, True, True, False, True, True, True, True, True, True, True, True, True, False, True, False, True, True, True, True, True, True, True, True, True, True, True, True, True, True, True, True, True, True, True, True, True, True, True, True, True, True, True, True, True, True, True, True, True, True, True, True, True, True, True, True, True, True, True, True, True, True, True, True, True, True, True, True, True, True, True, True, True, True, True, True, True, True, True, True, True, True, True, True, True, True, True, True, True, True, True, False, True]","[0.18, 0.27, 0.56, 0.85, 0.4, 0.92, 0.98, 0.39, 0.34, 0.92, 0.02, 0.99, 0.09, 0.18, 0.85, 0.37, 0.79, 0.33, 0.94, 0.22, 0.01, 0.08, 0.02, 0.3, 0.33, 0.52, 0.4, 0.63, 0.56, 0.94, 0.98, 0.18, 0.17, 0.92, 0.67, 0.94, 0.3, 0.06, 0.94, 0.76, 0.92, 0.34, 0.79, 0.3, 0.4, 0.18, 0.46, 0.95, 0.87, 0.17, 0.94, 0.66, 0.13, 0.17, 0.1, 0.34, 0.92, 0.7, 0.95, 0.69, 0.42, 0.3, 0.44, 0.31, 0.76, 0.32, 0.08, 0.12, 0.51, 0.69, 0.58, 0.33, 0.95, 0.98, 0.86, 0.83, 0.51, 0.21, 0.61, 0.09, 0.17, 0.34, 0.34, 0.31, 0.63, 0.87, 0.85, 0.32, 0.51, 0.31, 0.67, 0.3, 0.83, 0.06, 0.61, 0.87, 0.64, 0.91, 0.01, 0.19]"
41,100,7,sup,100,100,100,approximate,0.05,N01xN01xN01xT5xT5xT5xT5,N01xN01xN01xN01xLapxLapxLap,56.068,"[True, True, True, True, False, True, True, True, True, True, True, True, True, True, True, True, True, True, True, True, False, True, True, True, True, True, True, True, True, True, True, True, True, True, True, True, True, True, True, True, True, True, True, True, True, True, True, True, True, True, True, True, True, True, True, True, True, True, True, True, True, True, True, True, True, True, True, True, True, True, True, True, True, True, True, True, True, True, True, True, True, True, True, True, True, True, True, True, True, True, True, True, True, True, True, True, True, True, True, True]","[0.52, 0.91, 0.49, 0.63, 0.02, 0.33, 0.91, 0.82, 0.92, 0.7, 0.94, 0.56, 0.98, 0.92, 0.58, 0.1, 0.66, 0.51, 0.83, 0.44, 0.0, 0.43, 0.99, 0.17, 0.51, 0.24, 0.27, 0.67, 0.34, 0.51, 0.12, 0.69, 0.44, 0.86, 0.18, 0.65, 0.98, 0.92, 0.76, 0.59, 0.1, 0.95, 0.34, 0.13, 0.33, 0.19, 0.86, 0.54, 0.34, 0.17, 0.32, 0.6, 0.52, 0.84, 0.49, 0.13, 0.83, 0.06, 0.71, 0.85, 0.47, 0.52, 0.27, 0.54, 0.18, 0.63, 0.1, 0.12, 0.76, 0.83, 0.17, 0.64, 0.66, 0.54, 0.83, 0.98, 0.94, 0.12, 0.08, 0.84, 0.98, 0.4, 0.79, 0.94, 0.92, 0.69, 0.5, 0.79, 0.92, 0.98, 0.09, 0.84, 0.34, 0.09, 0.92, 0.6, 0.1, 0.48, 0.4, 0.74]"
42,100,7,sup,100,100,100,approximate,0.05,N01xN01xN01xN01xLapxLapxLap,N01xN01xN01xN01xN01,53.1635,"[True, False, False, False, True, False, False, False, True, False, True, False, False, False, True, False, True, False, True, True, True, True, False, False, False, False, False, False, False, False, True, False, False, False, True, True, True, False, False, True, True, False, False, True, False, False, True, False, True, False, False, False, False, False, False, False, True, False, False, True, False, False, False, False, True, False, False, False, True, False, False, True, False, False, False, False, True, True, True, True, False, True, False, False, False, True, True, True, True, False, False, True, True, False, False, True, False, False, False, False]","[0.1, 0.01, 0.04, 0.0, 0.06, 0.0, 0.0, 0.0, 0.07, 0.01, 0.25, 0.04, 0.03, 0.0, 0.19, 0.0, 0.07, 0.0, 0.06, 0.06, 0.07, 0.15, 0.04, 0.0, 0.05, 0.0, 0.01, 0.0, 0.0, 0.03, 0.15, 0.0, 0.0, 0.0, 0.28, 0.14, 0.14, 0.0, 0.0, 0.06, 0.15, 0.0, 0.03, 0.11, 0.02, 0.01, 0.64, 0.02, 0.18, 0.01, 0.0, 0.04, 0.01, 0.01, 0.04, 0.01, 0.08, 0.03, 0.0, 0.13, 0.0, 0.0, 0.0, 0.02, 0.06, 0.0, 0.02, 0.0, 0.12, 0.0, 0.0, 0.2, 0.0, 0.0, 0.03, 0.0, 0.13, 0.74, 0.13, 0.18, 0.0, 0.06, 0.0, 0.0, 0.0, 0.27, 0.1, 0.14, 0.13, 0.0, 0.01, 0.55, 0.09, 0.0, 0.0, 0.24, 0.0, 0.0, 0.01, 0.0]"
43,100,7,sup,100,100,100,approximate,0.05,N01xN01xN01xN01xLapxLapxLap,MultiGauss0.1,53.1635,"[True, False, False, True, False, True, False, True, False, True, True, False, False, False, False, False, False, False, True, False, False, False, False, True, False, False, False, False, True, True, True, False, False, True, True, False, True, True, False, False, True, True, False, False, False, False, False, True, True, False, True, False, False, False, False, True, False, True, False, True, False, False, False, False, False, False, False, False, False, True, False, False, True, True, True, False, False, False, False, False, False, False, True, False, False, True, False, False, True, False, True, True, False, True, True, False, True, False, True, False]","[0.07, 0.0, 0.0, 0.28, 0.03, 0.13, 0.03, 0.51, 0.05, 0.61, 0.07, 0.0, 0.0, 0.02, 0.0, 0.0, 0.03, 0.03, 0.15, 0.01, 0.0, 0.04, 0.0, 0.12, 0.01, 0.0, 0.0, 0.0, 0.15, 0.22, 0.14, 0.0, 0.0, 0.06, 0.13, 0.01, 0.15, 0.14, 0.0, 0.0, 0.13, 0.15, 0.02, 0.0, 0.0, 0.0, 0.03, 0.18, 0.15, 0.0, 0.13, 0.0, 0.0, 0.0, 0.0, 0.11, 0.0, 0.1, 0.0, 0.28, 0.0, 0.04, 0.0, 0.0, 0.0, 0.02, 0.0, 0.03, 0.0, 0.06, 0.0, 0.0, 0.3, 0.15, 0.12, 0.0, 0.0, 0.0, 0.04, 0.0, 0.0, 0.0, 0.14, 0.01, 0.0, 0.07, 0.0, 0.0, 0.15, 0.0, 0.13, 0.13, 0.01, 0.08, 0.1, 0.0, 0.1, 0.0, 0.15, 0.01]"
44,100,7,sup,100,100,100,approximate,0.05,N01xN01xN01xN01xLapxLapxLap,MultiGauss0.5,53.1635,"[False, False, False, False, False, False, False, False, False, False, False, False, False, False, False, False, False, False, False, False, False, False, False, False, False, False, False, False, False, False, False, False, False, False, False, False, False, False, False, False, False, False, False, False, False, False, False, False, False, False, False, False, False, False, False, False, False, False, False, False, False, False, False, False, False, False, False, False, False, False, False, False, False, False, False, False, False, False, False, False, False, False, False, False, False, False, False, False, False, False, False, False, False, False, False, False, False, False, False, False]","[0.0, 0.0, 0.0, 0.0, 0.0, 0.0, 0.0, 0.0, 0.0, 0.0, 0.0, 0.0, 0.0, 0.0, 0.0, 0.0, 0.0, 0.0, 0.0, 0.0, 0.0, 0.0, 0.0, 0.0, 0.0, 0.0, 0.0, 0.0, 0.0, 0.0, 0.0, 0.0, 0.0, 0.0, 0.0, 0.0, 0.0, 0.0, 0.0, 0.0, 0.0, 0.0, 0.0, 0.0, 0.0, 0.0, 0.0, 0.0, 0.0, 0.0, 0.0, 0.0, 0.0, 0.0, 0.0, 0.0, 0.0, 0.0, 0.0, 0.0, 0.0, 0.0, 0.0, 0.0, 0.0, 0.0, 0.0, 0.0, 0.0, 0.0, 0.0, 0.0, 0.0, 0.0, 0.0, 0.0, 0.0, 0.0, 0.0, 0.0, 0.0, 0.0, 0.0, 0.0, 0.0, 0.0, 0.0, 0.0, 0.0, 0.0, 0.0, 0.0, 0.0, 0.0, 0.0, 0.0, 0.0, 0.0, 0.0, 0.0]"
45,100,7,sup,100,100,100,approximate,0.05,N01xN01xN01xN01xLapxLapxLap,T3xT3xT3xT3xT3xT3xT3,53.1635,"[True, True, False, False, False, False, False, True, True, False, True, False, True, False, False, False, False, False, True, True, False, True, False, True, True, False, False, False, False, False, True, False, False, False, False, False, False, True, True, True, False, True, True, True, False, False, True, True, False, True, False, True, False, False, True, False, False, False, False, False, True, True, False, True, False, False, False, True, True, False, True, True, False, False, True, True, True, True, True, False, False, True, True, False, False, False, True, True, False, False, False, True, False, True, True, True, False, False, True, False]","[0.06, 0.16, 0.0, 0.0, 0.0, 0.0, 0.04, 0.14, 0.11, 0.02, 0.11, 0.01, 0.32, 0.01, 0.01, 0.01, 0.0, 0.0, 0.2, 0.09, 0.04, 0.06, 0.0, 0.32, 0.18, 0.0, 0.0, 0.0, 0.0, 0.01, 0.36, 0.0, 0.0, 0.0, 0.01, 0.05, 0.0, 0.06, 0.17, 0.14, 0.0, 0.11, 0.67, 0.1, 0.01, 0.03, 0.07, 0.18, 0.0, 0.12, 0.0, 0.13, 0.02, 0.0, 0.06, 0.02, 0.01, 0.0, 0.02, 0.0, 0.21, 0.14, 0.0, 0.07, 0.01, 0.0, 0.03, 0.11, 0.13, 0.03, 0.11, 0.14, 0.02, 0.0, 0.06, 0.1, 0.11, 0.1, 0.13, 0.0, 0.0, 0.12, 0.13, 0.01, 0.02, 0.01, 0.1, 0.06, 0.0, 0.02, 0.0, 0.11, 0.01, 0.11, 0.06, 0.06, 0.0, 0.0, 0.07, 0.02]"
46,100,7,sup,100,100,100,approximate,0.05,N01xN01xN01xN01xLapxLapxLap,T5xT5xT5xT5xT5xT5xT5,53.1635,"[True, True, True, True, True, True, True, True, True, True, False, True, True, True, True, True, False, True, True, True, True, True, True, True, False, True, True, True, True, True, True, True, True, True, False, True, True, True, True, True, False, True, True, True, True, True, True, True, False, True, True, True, True, True, True, True, True, True, True, True, True, True, False, True, True, True, True, True, True, True, True, True, True, True, True, True, True, True, True, True, True, True, True, True, True, True, True, True, True, True, True, True, True, True, True, True, True, True, True, False]","[0.28, 0.18, 0.91, 0.4, 0.47, 0.3, 0.93, 0.37, 0.6, 0.67, 0.02, 0.53, 0.17, 0.22, 0.44, 0.83, 0.0, 0.55, 0.22, 0.51, 0.32, 0.19, 0.36, 0.61, 0.01, 0.76, 0.18, 0.11, 0.75, 0.67, 0.13, 0.72, 0.18, 0.96, 0.04, 0.37, 0.46, 0.85, 0.22, 0.88, 0.04, 0.83, 0.25, 0.95, 0.13, 0.15, 0.64, 0.44, 0.02, 0.84, 0.64, 0.19, 0.72, 0.46, 0.11, 0.44, 0.82, 0.32, 0.28, 0.47, 0.06, 0.46, 0.01, 0.22, 0.61, 0.64, 0.67, 0.12, 0.28, 0.2, 0.15, 0.13, 0.85, 0.67, 0.32, 0.41, 0.44, 0.41, 0.18, 0.22, 0.74, 0.22, 0.8, 0.18, 0.29, 0.53, 0.39, 0.87, 0.14, 0.84, 0.32, 0.4, 0.2, 0.37, 0.06, 0.41, 0.67, 0.23, 0.15, 0.0]"
47,100,7,sup,100,100,100,approximate,0.05,N01xN01xN01xN01xLapxLapxLap,N01xN01xN01xT5xT5xT5xT5,53.1635,"[True, True, True, True, True, True, True, False, True, True, True, True, True, True, True, True, True, False, True, True, True, True, True, True, True, True, True, True, True, True, True, True, True, True, True, True, True, True, True, True, True, True, True, True, True, True, True, True, True, True, True, True, True, False, True, True, False, True, True, True, True, True, True, True, True, True, True, True, True, True, True, True, True, True, True, False, True, True, True, True, True, True, True, True, True, True, True, True, True, True, True, True, True, True, True, True, False, True, True, True]","[0.32, 0.22, 0.46, 0.93, 0.22, 0.11, 0.67, 0.04, 0.77, 0.21, 0.91, 0.28, 0.67, 0.34, 0.55, 0.66, 0.83, 0.02, 0.89, 0.22, 0.2, 0.88, 0.53, 0.18, 0.88, 0.12, 0.2, 0.06, 0.18, 0.13, 0.73, 0.86, 0.83, 0.1, 0.64, 0.12, 0.88, 0.56, 0.1, 0.99, 0.25, 0.83, 0.25, 0.22, 0.96, 0.32, 0.32, 0.24, 0.15, 0.67, 0.52, 0.64, 0.73, 0.02, 0.96, 0.19, 0.0, 0.28, 0.18, 0.61, 0.99, 0.31, 0.45, 0.15, 0.07, 0.15, 0.18, 0.41, 0.45, 0.52, 0.98, 0.06, 0.84, 0.67, 0.28, 0.0, 0.41, 0.98, 0.89, 0.77, 0.16, 0.22, 0.64, 0.77, 0.66, 0.57, 0.64, 1.0, 0.91, 0.22, 0.25, 0.77, 0.18, 0.67, 0.15, 0.91, 0.02, 0.44, 0.91, 0.69]"
48,100,7,sup,100,100,100,approximate,0.05,N01xN01xN01xN01xLapxLapxLap,N01xN01xN01xN01xLapxLapxLap,53.1635,"[True, True, True, True, True, True, True, True, True, True, True, True, True, True, True, True, True, True, True, True, True, True, True, False, True, True, True, True, True, True, True, True, True, False, True, True, True, True, True, True, True, True, True, True, True, True, True, True, True, True, True, True, True, True, True, True, True, True, True, True, True, True, True, True, True, True, True, True, True, True, True, True, True, True, True, True, True, True, True, True, True, True, True, True, True, True, True, True, True, True, True, True, True, True, True, True, True, True, True, True]","[0.32, 0.1, 0.41, 0.32, 0.67, 0.66, 0.14, 0.55, 0.88, 0.84, 0.37, 0.28, 0.64, 0.32, 0.63, 0.56, 0.06, 0.9, 0.66, 0.27, 0.3, 0.57, 0.46, 0.0, 0.76, 0.98, 0.29, 0.59, 0.77, 0.12, 0.57, 0.34, 0.6, 0.01, 0.64, 0.11, 0.9, 0.22, 0.97, 0.44, 0.84, 0.66, 0.1, 0.73, 0.99, 0.84, 0.91, 0.34, 0.08, 0.19, 0.25, 0.42, 0.99, 0.06, 0.98, 0.15, 0.52, 0.64, 0.2, 0.32, 0.37, 0.21, 0.67, 0.06, 0.33, 0.67, 0.76, 0.98, 0.06, 0.82, 0.15, 0.99, 0.64, 0.34, 0.41, 0.18, 0.4, 0.21, 0.32, 0.28, 0.67, 0.64, 0.73, 0.83, 0.15, 0.75, 0.93, 0.66, 0.96, 0.64, 0.32, 0.32, 0.18, 0.41, 0.64, 0.96, 0.11, 0.15, 0.98, 0.31]"
